Time [s],PIN 0,TX
0.000000000,0,0
1.292207958,1,0
1.292282167,0,0
1.292438458,0,1
1.293079375,0,0
1.293348958,1,0
1.293423167,0,0
1.293579500,0,1
1.294220292,0,0
1.294489958,1,0
1.294564167,0,0
1.294720583,0,1
1.295361750,0,0
1.295631375,1,0
1.295705583,0,0
1.295865083,0,1
1.296506375,0,0
1.297082708,1,0
1.297156958,0,0
1.297313042,0,1
1.297953958,0,0
1.299426375,1,0
1.299500583,0,0
1.299656958,0,1
1.300297875,0,0
1.301770208,1,0
1.301844458,0,0
1.302000625,0,1
1.302641708,0,0
1.304113875,1,0
1.304188083,0,0
1.304344333,0,1
1.304985333,0,0
1.306457500,1,0
1.306531750,0,0
1.306687917,0,1
1.307328917,0,0
1.308801250,1,0
1.308875458,0,0
1.309035083,0,1
1.309676167,0,0
1.311144917,1,0
1.311219125,0,0
1.311375667,0,1
1.312016500,0,0
1.313488542,1,0
1.313562750,0,0
1.313718958,0,1
1.314360083,0,0
1.315832333,1,0
1.315906583,0,0
1.316062833,0,1
1.316704042,0,0
1.318176042,1,0
1.318250250,0,0
1.318406375,0,1
1.319047250,0,0
1.320519708,1,0
1.320593958,0,0
1.320750333,0,1
1.321391500,0,0
1.322863333,1,0
1.322937583,0,0
1.323093875,0,1
1.323734917,0,0
1.325207000,1,0
1.325281250,0,0
1.325437333,0,1
1.326078292,0,0
1.327550792,1,0
1.327625042,0,0
1.327781708,0,1
1.328422625,0,0
1.329894458,1,0
1.329968667,0,0
1.330125083,0,1
1.330766083,0,0
1.332238167,1,0
1.332312375,0,0
1.332468542,0,1
1.333109375,0,0
1.334581875,1,0
1.334656125,0,0
1.334812250,0,1
1.335453208,0,0
1.336925542,1,0
1.336999750,0,0
1.337156208,0,1
1.337797292,0,0
1.339269292,1,0
1.339343500,0,0
1.339499958,0,1
1.340141000,0,0
1.341612917,1,0
1.341687125,0,0
1.341843208,0,1
1.342484083,0,0
1.343956667,1,0
1.344030917,0,0
1.344187250,0,1
1.344828250,0,0
1.346300375,1,0
1.346374625,0,0
1.346531042,0,1
1.347172208,0,0
1.348644083,1,0
1.348718292,0,0
1.348874417,0,1
1.349515375,0,0
1.350987708,1,0
1.351061958,0,0
1.351218000,0,1
1.351858792,0,0
1.353331417,1,0
1.353405625,0,0
1.353561875,0,1
1.354202792,0,0
1.355675083,1,0
1.355749292,0,0
1.355908667,0,1
1.356549667,0,0
1.358018792,1,0
1.358093042,0,0
1.358249167,0,1
1.358890167,0,0
1.360362542,1,0
1.360436792,0,0
1.360593292,0,1
1.361234083,0,0
1.362706167,1,0
1.362780375,0,0
1.362936625,0,1
1.363577250,0,0
1.365049875,1,0
1.365124125,0,0
1.365280500,0,1
1.365921542,0,0
1.367393625,1,0
1.367467833,0,0
1.367623917,0,1
1.368265000,0,0
1.369737250,1,0
1.369811458,0,0
1.369967542,0,1
1.370608417,0,0
1.372080958,1,0
1.372155167,0,0
1.372311500,0,1
1.372952542,0,0
1.374424667,1,0
1.374498875,0,0
1.374655042,0,1
1.375296083,0,0
1.376768417,1,0
1.376842625,0,0
1.376998958,0,1
1.377639792,0,0
1.379112125,1,0
1.379186333,0,0
1.379342750,0,1
1.379983667,0,0
1.381455792,1,0
1.381530000,0,0
1.381686208,0,1
1.382327125,0,0
1.383799542,1,0
1.383873750,0,0
1.384030000,0,1
1.384671083,0,0
1.386143167,1,0
1.386217417,0,0
1.386373417,0,1
1.387014333,0,0
1.388486833,1,0
1.388561042,0,0
1.388717250,0,1
1.389358042,0,0
1.390830500,1,0
1.390904708,0,0
1.391064417,0,1
1.391705500,0,0
1.393174208,1,0
1.393248417,0,0
1.393404833,0,1
1.394045750,0,0
1.395517958,1,0
1.395592208,0,0
1.395752167,0,1
1.396393250,0,0
1.397861708,1,0
1.397935917,0,0
1.398092292,0,1
1.398733375,0,0
1.400205333,1,0
1.400279542,0,0
1.400439208,0,1
1.401080333,0,0
1.402549042,1,0
1.402623250,0,0
1.402779583,0,1
1.403420458,0,0
1.404892708,1,0
1.404966917,0,0
1.405123042,0,1
1.405763917,0,0
1.407236417,1,0
1.407310667,0,0
1.407466917,0,1
1.408107875,0,0
1.409580125,1,0
1.409654333,0,0
1.409810583,0,1
1.410451500,0,0
1.411923833,1,0
1.411998042,0,0
1.412157792,0,1
1.412798958,0,0
1.414267542,1,0
1.414341750,0,0
1.414497958,0,1
1.415139000,0,0
1.416611250,1,0
1.416685500,0,0
1.416841792,0,1
1.417482667,0,0
1.418954917,1,0
1.419029125,0,0
1.419188833,0,1
1.419829833,0,0
1.421298542,1,0
1.421372750,0,0
1.421532333,0,1
1.422173208,0,0
1.423642333,1,0
1.423716542,0,0
1.423872958,0,1
1.424513750,0,0
1.425986000,1,0
1.426060250,0,0
1.426216542,0,1
1.426857500,0,0
1.428329708,1,0
1.428403958,0,0
1.428560333,0,1
1.429201417,0,0
1.430673417,1,0
1.430747625,0,0
1.430903708,0,1
1.431544583,0,0
1.433017000,1,0
1.433091208,0,0
1.433247542,0,1
1.433888542,0,0
1.435360750,1,0
1.435434958,0,0
1.435591208,0,1
1.436231875,0,0
1.437704458,1,0
1.437778708,0,0
1.437938333,0,1
1.438579375,0,0
1.440048208,1,0
1.440122417,0,0
1.440278583,0,1
1.440919458,0,0
1.442391875,1,0
1.442466083,0,0
1.442622458,0,1
1.443263292,0,0
1.444735500,1,0
1.444809750,0,0
1.444966167,0,1
1.445606917,0,0
1.447079208,1,0
1.447153417,0,0
1.447309708,0,1
1.447950500,0,0
1.449422958,1,0
1.449497167,0,0
1.449656917,0,1
1.450298083,0,0
1.451766708,1,0
1.451840917,0,0
1.451997333,0,1
1.452638208,0,0
1.454110375,1,0
1.454184625,0,0
1.454340833,0,1
1.454981792,0,0
1.456454000,1,0
1.456528208,0,0
1.456687958,0,1
1.457328875,0,0
1.458797750,1,0
1.458872000,0,0
1.459028250,0,1
1.459669292,0,0
1.461141458,1,0
1.461215667,0,0
1.461371958,0,1
1.462013042,0,0
1.463485167,1,0
1.463559417,0,0
1.463715542,0,1
1.464356500,0,0
1.465828875,1,0
1.465903083,0,0
1.466059417,0,1
1.466700542,0,0
1.468172458,1,0
1.468246667,0,0
1.468403125,0,1
1.469044083,0,0
1.470516167,1,0
1.470590375,0,0
1.470746583,0,1
1.471387667,0,0
1.472859958,1,0
1.472934167,0,0
1.473090333,0,1
1.473731208,0,0
1.475203625,1,0
1.475277833,0,0
1.475437625,0,1
1.476078625,0,0
1.477547333,1,0
1.477621542,0,0
1.477777625,0,1
1.478418667,0,0
1.479891000,1,0
1.479965208,0,0
1.480121375,0,1
1.480762292,0,0
1.482234667,1,0
1.482308875,0,0
1.482465083,0,1
1.483106125,0,0
1.484578333,1,0
1.484652542,0,0
1.484809208,0,1
1.485450125,0,0
1.486922000,1,0
1.486996208,0,0
1.487152375,0,1
1.487793250,0,0
1.489265750,1,0
1.489339958,0,0
1.489496292,0,1
1.490137333,0,0
1.491609500,1,0
1.491683708,0,0
1.491839917,0,1
1.492481000,0,0
1.493953167,1,0
1.494027375,0,0
1.494183792,0,1
1.494824917,0,0
1.496296875,1,0
1.496371125,0,0
1.496527458,0,1
1.497168333,0,0
1.498640500,1,0
1.498714708,0,0
1.498870875,0,1
1.499512042,0,0
1.500984250,1,0
1.501058500,0,0
1.501214667,0,1
1.501855583,0,0
1.503327958,1,0
1.503402167,0,0
1.503558375,0,1
1.504199292,0,0
1.505671583,1,0
1.505745833,0,0
1.505905417,0,1
1.506546667,0,0
1.508015292,1,0
1.508089542,0,0
1.508245750,0,1
1.508886375,0,0
1.510359042,1,0
1.510433250,0,0
1.510589458,0,1
1.511230208,0,0
1.512702750,1,0
1.512776958,0,0
1.512933333,0,1
1.513574167,0,0
1.515046458,1,0
1.515120667,0,0
1.515276833,0,1
1.515917583,0,0
1.517390125,1,0
1.517464333,0,0
1.517620542,0,1
1.518261458,0,0
1.519733833,1,0
1.519808083,0,0
1.519964500,0,1
1.520605625,0,0
1.522077458,1,0
1.522151667,0,0
1.522308208,0,1
1.522949042,0,0
1.524421250,1,0
1.524495458,0,0
1.524651917,0,1
1.525292792,0,0
1.526764917,1,0
1.526839167,0,0
1.526995375,0,1
1.527636292,0,0
1.529108583,1,0
1.529182792,0,0
1.529339000,0,1
1.529979917,0,0
1.531452250,1,0
1.531526458,0,0
1.531682958,0,1
1.532323917,0,0
1.533796042,1,0
1.533870250,0,0
1.534026583,0,1
1.534667458,0,0
1.536139708,1,0
1.536213958,0,0
1.536370333,0,1
1.537011250,0,0
1.538483333,1,0
1.538557542,0,0
1.538713708,0,1
1.539354667,0,0
1.540827083,1,0
1.540901292,0,0
1.541057625,0,1
1.541698417,0,0
1.543170708,1,0
1.543244917,0,0
1.543401167,0,1
1.544042042,0,0
1.545514500,1,0
1.545588708,0,0
1.545745000,0,1
1.546385875,0,0
1.547858167,1,0
1.547932375,0,0
1.548088542,0,1
1.548729167,0,0
1.550201792,1,0
1.550276000,0,0
1.550432167,0,1
1.551073083,0,0
1.552545542,1,0
1.552619750,0,0
1.552776000,0,1
1.553417083,0,0
1.554889167,1,0
1.554963375,0,0
1.555119750,0,1
1.555760667,0,0
1.557232875,1,0
1.557307125,0,0
1.557463125,0,1
1.558104083,0,0
1.559576583,1,0
1.559650792,0,0
1.559807000,0,1
1.560447833,0,0
1.561920333,1,0
1.561994583,0,0
1.562151042,0,1
1.562791917,0,0
1.564264083,1,0
1.564338292,0,0
1.564494667,0,1
1.565135583,0,0
1.566607708,1,0
1.566681917,0,0
1.566838375,0,1
1.567479333,0,0
1.568951417,1,0
1.569025625,0,0
1.569185333,0,1
1.569826375,0,0
1.571295125,1,0
1.571369333,0,0
1.571525958,0,1
1.572166917,0,0
1.573638708,1,0
1.573712917,0,0
1.573869208,0,1
1.574510125,0,0
1.575982500,1,0
1.576056708,0,0
1.576212833,0,1
1.576853500,0,0
1.578326167,1,0
1.578400375,0,0
1.578556833,0,1
1.579197750,0,0
1.580669833,1,0
1.580744042,0,0
1.580900250,0,1
1.581540958,0,0
1.583013625,1,0
1.583087833,0,0
1.583247500,0,1
1.583888500,0,0
1.585357333,1,0
1.585431542,0,0
1.585587833,0,1
1.586228875,0,0
1.587700917,1,0
1.587775167,0,0
1.587931167,0,1
1.588572125,0,0
1.590044708,1,0
1.590118917,0,0
1.590278417,0,1
1.590919458,0,0
1.592388333,1,0
1.592462583,0,0
1.592618875,0,1
1.593259917,0,0
1.594732000,1,0
1.594806208,0,0
1.594962458,0,1
1.595603417,0,0
1.597075792,1,0
1.597150042,0,0
1.597306208,0,1
1.597947083,0,0
1.599419458,1,0
1.599493667,0,0
1.599650083,0,1
1.600291167,0,0
1.601763083,1,0
1.601837292,0,0
1.601993625,0,1
1.602634500,0,0
1.604106833,1,0
1.604181042,0,0
1.604337292,0,1
1.604978250,0,0
1.606450458,1,0
1.606524667,0,0
1.606680833,0,1
1.607322042,0,0
1.608794292,1,0
1.608868542,0,0
1.609024750,0,1
1.609665875,0,0
1.611137875,1,0
1.611212083,0,0
1.611368542,0,1
1.612009500,0,0
1.613481625,1,0
1.613555833,0,0
1.613715750,0,1
1.614356750,0,0
1.615825292,1,0
1.615899542,0,0
1.616055750,0,1
1.616696708,0,0
1.618168958,1,0
1.618243208,0,0
1.618399333,0,1
1.619040333,0,0
1.620512667,1,0
1.620586917,0,0
1.620743167,0,1
1.621383833,0,0
1.622856458,1,0
1.622930708,0,0
1.623087167,0,1
1.623728042,0,0
1.625200083,1,0
1.625274292,0,0
1.625430667,0,1
1.626071500,0,0
1.627543750,1,0
1.627617958,0,0
1.627774083,0,1
1.628414750,0,0
1.629887500,1,0
1.629961708,0,0
1.630118000,0,1
1.630758917,0,0
1.632231208,1,0
1.632305417,0,0
1.632461667,0,1
1.633102625,0,0
1.634574917,1,0
1.634649125,0,0
1.634805250,0,1
1.635446208,0,0
1.636918625,1,0
1.636992833,0,0
1.637149125,0,1
1.637790042,0,0
1.639262292,1,0
1.639336500,0,0
1.639492708,0,1
1.640133458,0,0
1.641606042,1,0
1.641680250,0,0
1.641836708,0,1
1.642477417,0,0
1.643949667,1,0
1.644023875,0,0
1.644180083,0,1
1.644821250,0,0
1.646293375,1,0
1.646367625,0,0
1.646523833,0,1
1.647164958,0,0
1.648637000,1,0
1.648711208,0,0
1.648867417,0,1
1.649508500,0,0
1.650980708,1,0
1.651054917,0,0
1.651211250,0,1
1.651852125,0,0
1.653324458,1,0
1.653398667,0,0
1.653555042,0,1
1.654196167,0,0
1.655668167,1,0
1.655742375,0,0
1.655898792,0,1
1.656539708,0,0
1.658011833,1,0
1.658086042,0,0
1.658242375,0,1
1.658883417,0,0
1.660355542,1,0
1.660429750,0,0
1.660585917,0,1
1.661226583,0,0
1.662699292,1,0
1.662773500,0,0
1.662929875,0,1
1.663570833,0,0
1.665042917,1,0
1.665117125,0,0
1.665273458,0,1
1.665914375,0,0
1.667386625,1,0
1.667460833,0,0
1.667617042,0,1
1.668257792,0,0
1.669730333,1,0
1.669804542,0,0
1.669960792,0,1
1.670601833,0,0
1.672074083,1,0
1.672148292,0,0
1.672304333,0,1
1.672945000,0,0
1.674417708,1,0
1.674491917,0,0
1.674648042,0,1
1.675289083,0,0
1.676761500,1,0
1.676835708,0,0
1.676995500,0,1
1.677636542,0,0
1.679105083,1,0
1.679179333,0,0
1.679335833,0,1
1.679976708,0,0
1.681448833,1,0
1.681523042,0,0
1.681679208,0,1
1.682320292,0,0
1.683792458,1,0
1.683866667,0,0
1.684022875,0,1
1.684663833,0,0
1.686136208,1,0
1.686210417,0,0
1.686366625,0,1
1.687007792,0,0
1.688479875,1,0
1.688554083,0,0
1.688710292,0,1
1.689351167,0,0
1.690823583,1,0
1.690897833,0,0
1.691054000,0,1
1.691694667,0,0
1.693167250,1,0
1.693241500,0,0
1.693397583,0,1
1.694038333,0,0
1.695511000,1,0
1.695585208,0,0
1.695741333,0,1
1.696382292,0,0
1.697854625,1,0
1.697928833,0,0
1.698088292,0,1
1.698729167,0,0
1.700198375,1,0
1.700272625,0,0
1.700428875,0,1
1.701069875,0,0
1.702542125,1,0
1.702616333,0,0
1.702772667,0,1
1.703413458,0,0
1.704885750,1,0
1.704959958,0,0
1.705116500,0,1
1.705757167,0,0
1.707229458,1,0
1.707303667,0,0
1.707459917,0,1
1.708100667,0,0
1.709573125,1,0
1.709647375,0,0
1.709803667,0,1
1.710444583,0,0
1.711916833,1,0
1.711991042,0,0
1.712147250,0,1
1.712788167,0,0
1.714260458,1,0
1.714334708,0,0
1.714491208,0,1
1.715131958,0,0
1.716604208,1,0
1.716678458,0,0
1.716838000,0,1
1.717479208,0,0
1.718947875,1,0
1.719022083,0,0
1.719178292,0,1
1.719819125,0,0
1.721291583,1,0
1.721365792,0,0
1.721522208,0,1
1.722163208,0,0
1.723635292,1,0
1.723709500,0,0
1.723865792,0,1
1.724506667,0,0
1.725978958,1,0
1.726053208,0,0
1.726209583,0,1
1.726850458,0,0
1.728322750,1,0
1.728397000,0,0
1.728556708,0,1
1.729197625,0,0
1.730666375,1,0
1.730740625,0,0
1.730897125,0,1
1.731537708,0,0
1.733010042,1,0
1.733084250,0,0
1.733244000,0,1
1.733885333,0,0
1.735353750,1,0
1.735427958,0,0
1.735584208,0,1
1.736225375,0,0
1.737697500,1,0
1.737771708,0,0
1.737928125,0,1
1.738568958,0,0
1.740041250,1,0
1.740115458,0,0
1.740271833,0,1
1.740912667,0,0
1.742384875,1,0
1.742459125,0,0
1.742615500,0,1
1.743256208,0,0
1.744728542,1,0
1.744802750,0,0
1.744958958,0,1
1.745599875,0,0
1.747072208,1,0
1.747146417,0,0
1.747302750,0,1
1.747943708,0,0
1.749415875,1,0
1.749490083,0,0
1.749646542,0,1
1.750287417,0,0
1.751759667,1,0
1.751833917,0,0
1.751990042,0,1
1.752631042,0,0
1.754103333,1,0
1.754177542,0,0
1.754333583,0,1
1.754974833,0,0
1.756447000,1,0
1.756521208,0,0
1.756677375,0,1
1.757318250,0,0
1.758790792,1,0
1.758865000,0,0
1.759021208,0,1
1.759662250,0,0
1.761134333,1,0
1.761208542,0,0
1.761364708,0,1
1.762005583,0,0
1.763478083,1,0
1.763552333,0,0
1.763708625,0,1
1.764349583,0,0
1.765821792,1,0
1.765896000,0,0
1.766052208,0,1
1.766693000,0,0
1.768165500,1,0
1.768239708,0,0
1.768396208,0,1
1.769036958,0,0
1.770509167,1,0
1.770583375,0,0
1.770739542,0,1
1.771380333,0,0
1.772852875,1,0
1.772927083,0,0
1.773083250,0,1
1.773723958,0,0
1.775196625,1,0
1.775270875,0,0
1.775427000,0,1
1.776068042,0,0
1.777540333,1,0
1.777614583,0,0
1.777770958,0,1
1.778411833,0,0
1.779884042,1,0
1.779958250,0,0
1.780114458,0,1
1.780755417,0,0
1.782227667,1,0
1.782301875,0,0
1.782458000,0,1
1.783098708,0,0
1.784571417,1,0
1.784645667,0,0
1.784802042,0,1
1.785443000,0,0
1.786915083,1,0
1.786989292,0,0
1.787145500,0,1
1.787786417,0,0
1.789258708,1,0
1.789332917,0,0
1.789489083,0,1
1.790130208,0,0
1.791602542,1,0
1.791676750,0,0
1.791833208,0,1
1.792474042,0,0
1.793946125,1,0
1.794020333,0,0
1.794176500,0,1
1.794817500,0,0
1.796289917,1,0
1.796364167,0,0
1.796520500,0,1
1.797161583,0,0
1.798633625,1,0
1.798707833,0,0
1.798864042,0,1
1.799505083,0,0
1.800977208,1,0
1.801051458,0,0
1.801207667,0,1
1.801848542,0,0
1.803320917,1,0
1.803395125,0,0
1.803551333,0,1
1.804192292,0,0
1.805664625,1,0
1.805738875,0,0
1.805895250,0,1
1.806536167,0,0
1.808008292,1,0
1.808082542,0,0
1.808242125,0,1
1.808883083,0,0
1.810352083,1,0
1.810426292,0,0
1.810585792,0,1
1.811226583,0,0
1.812695792,1,0
1.812770000,0,0
1.812926375,0,1
1.813567333,0,0
1.815039417,1,0
1.815113667,0,0
1.815269917,0,1
1.815910958,0,0
1.817383167,1,0
1.817457417,0,0
1.817613625,0,1
1.818254583,0,0
1.819726875,1,0
1.819801083,0,0
1.819957542,0,1
1.820598583,0,0
1.822070625,1,0
1.822144833,0,0
1.822301042,0,1
1.822941917,0,0
1.824414250,1,0
1.824488458,0,0
1.824644958,0,1
1.825285958,0,0
1.826757917,1,0
1.826832125,0,0
1.826988542,0,1
1.827629458,0,0
1.829101667,1,0
1.829175875,0,0
1.829332125,0,1
1.829973042,0,0
1.831445333,1,0
1.831519542,0,0
1.831676042,0,1
1.832317167,0,0
1.833789000,1,0
1.833863208,0,0
1.834019583,0,1
1.834660375,0,0
1.836132708,1,0
1.836206917,0,0
1.836363375,0,1
1.837004167,0,0
1.838476333,1,0
1.838550542,0,0
1.838710208,0,1
1.839351167,0,0
1.840820125,1,0
1.840894333,0,0
1.841051000,0,1
1.841692083,0,0
1.843163833,1,0
1.843238042,0,0
1.843394250,0,1
1.844035083,0,0
1.845507458,1,0
1.845581667,0,0
1.845737833,0,1
1.846378958,0,0
1.847851167,1,0
1.847925417,0,0
1.848081625,0,1
1.848722500,0,0
1.850194875,1,0
1.850269083,0,0
1.850425042,0,1
1.851065833,0,0
1.852538583,1,0
1.852612792,0,0
1.852768833,0,1
1.853409750,0,0
1.854882250,1,0
1.854956458,0,0
1.855112708,0,1
1.855753583,0,0
1.857225958,1,0
1.857300167,0,0
1.857456375,0,1
1.858097250,0,0
1.859569667,1,0
1.859643875,0,0
1.859800042,0,1
1.860440792,0,0
1.861913292,1,0
1.861987542,0,0
1.862143625,0,1
1.862784375,0,0
1.864257042,1,0
1.864331292,0,0
1.864487375,0,1
1.865128292,0,0
1.866600708,1,0
1.866674917,0,0
1.866831375,0,1
1.867472542,0,0
1.868944417,1,0
1.869018625,0,0
1.869174833,0,1
1.869815750,0,0
1.871288167,1,0
1.871362375,0,0
1.871518875,0,1
1.872159708,0,0
1.873631792,1,0
1.873706000,0,0
1.873862375,0,1
1.874503333,0,0
1.875975500,1,0
1.876049708,0,0
1.876206083,0,1
1.876847042,0,0
1.878319167,1,0
1.878393375,0,0
1.878549583,0,1
1.879190583,0,0
1.880662917,1,0
1.880737125,0,0
1.880893167,0,1
1.881533917,0,0
1.883006625,1,0
1.883080833,0,0
1.883237000,0,1
1.883878125,0,0
1.885350333,1,0
1.885424583,0,0
1.885580667,0,1
1.886221542,0,0
1.887694042,1,0
1.887768250,0,0
1.887924458,0,1
1.888565375,0,0
1.890037667,1,0
1.890111917,0,0
1.890268167,0,1
1.890909125,0,0
1.892381417,1,0
1.892455667,0,0
1.892611833,0,1
1.893252667,0,0
1.894725042,1,0
1.894799250,0,0
1.894955375,0,1
1.895596125,0,0
1.897068792,1,0
1.897143000,0,0
1.897299375,0,1
1.897940250,0,0
1.899412542,1,0
1.899486750,0,0
1.899643208,0,1
1.900284375,0,0
1.901756125,1,0
1.901830333,0,0
1.901986833,0,1
1.902627875,0,0
1.904099833,1,0
1.904174042,0,0
1.904330583,0,1
1.904971458,0,0
1.906443625,1,0
1.906517833,0,0
1.906674000,0,1
1.907314792,0,0
1.908787250,1,0
1.908861458,0,0
1.909017583,0,1
1.909658542,0,0
1.911131042,1,0
1.911205292,0,0
1.911361500,0,1
1.912002708,0,0
1.913474667,1,0
1.913548875,0,0
1.913705250,0,1
1.914346417,0,0
1.915818333,1,0
1.915892542,0,0
1.916048625,0,1
1.916689500,0,0
1.918162083,1,0
1.918236292,0,0
1.918392708,0,1
1.919033542,0,0
1.920505708,1,0
1.920579917,0,0
1.920736458,0,1
1.921377417,0,0
1.922849375,1,0
1.922923583,0,0
1.923079792,0,1
1.923720792,0,0
1.925193083,1,0
1.925267292,0,0
1.925423375,0,1
1.926064333,0,0
1.927536875,1,0
1.927611125,0,0
1.927770833,0,1
1.928412250,0,0
1.929880542,1,0
1.929954792,0,0
1.930111250,0,1
1.930752292,0,0
1.932224167,1,0
1.932298375,0,0
1.932454542,0,1
1.933095667,0,0
1.934567917,1,0
1.934642125,0,0
1.934798208,0,1
1.935439250,0,0
1.936911667,1,0
1.936985875,0,0
1.937142042,0,1
1.937782917,0,0
1.939255333,1,0
1.939329542,0,0
1.939489167,0,1
1.940130375,0,0
1.941598958,1,0
1.941673167,0,0
1.941829250,0,1
1.942470000,0,0
1.943942750,1,0
1.944016958,0,0
1.944173333,0,1
1.944814250,0,0
1.946286417,1,0
1.946360625,0,0
1.946517042,0,1
1.947157917,0,0
1.948630083,1,0
1.948704333,0,0
1.948860542,0,1
1.949501667,0,0
1.950973750,1,0
1.951048000,0,0
1.951204000,0,1
1.951844875,0,0
1.953317500,1,0
1.953391708,0,0
1.953547833,0,1
1.954188792,0,0
1.955661167,1,0
1.955735375,0,0
1.955891875,0,1
1.956532958,0,0
1.958004833,1,0
1.958079042,0,0
1.958235417,0,1
1.958876375,0,0
1.960348500,1,0
1.960422750,0,0
1.960578958,0,1
1.961219917,0,0
1.962692292,1,0
1.962766500,0,0
1.962922625,0,1
1.963563542,0,0
1.965036000,1,0
1.965110208,0,0
1.965266292,0,1
1.965907167,0,0
1.967379708,1,0
1.967453958,0,0
1.967613500,0,1
1.968254792,0,0
1.969723292,1,0
1.969797542,0,0
1.969953833,0,1
1.970595333,0,0
1.972067083,1,0
1.972141292,0,0
1.972297458,0,1
1.972938458,0,0
1.974410750,1,0
1.974484958,0,0
1.974641208,0,1
1.975282333,0,0
1.976754417,1,0
1.976828667,0,0
1.976984792,0,1
1.977625458,0,0
1.979098083,1,0
1.979172333,0,0
1.979328500,0,1
1.979969208,0,0
1.981441875,1,0
1.981516083,0,0
1.981675750,0,1
1.982316833,0,0
1.983785500,1,0
1.983859750,0,0
1.984016000,0,1
1.984657083,0,0
1.986129208,1,0
1.986203417,0,0
1.986359667,0,1
1.987000667,0,0
1.988472917,1,0
1.988547125,0,0
1.988703292,0,1
1.989344250,0,0
1.990816583,1,0
1.990890792,0,0
1.991047000,0,1
1.991687917,0,0
1.993160292,1,0
1.993234500,0,0
1.993390708,0,1
1.994031625,0,0
1.995503958,1,0
1.995578167,0,0
1.995734417,0,1
1.996375333,0,0
1.997847667,1,0
1.997921875,0,0
1.998078125,0,1
1.998719167,0,0
2.000191375,1,0
2.000265583,0,0
2.000421792,0,1
2.001062750,0,0
2.002535083,1,0
2.002609333,0,0
2.002765500,0,1
2.003406500,0,0
2.004878792,1,0
2.004953000,0,0
2.005109250,0,1
2.005750292,0,0
2.007222500,1,0
2.007296708,0,0
2.007452958,0,1
2.008094208,0,0
2.009566208,1,0
2.009640417,0,0
2.009796708,0,1
2.010437708,0,0
2.011909875,1,0
2.011984083,0,0
2.012143708,0,1
2.012784875,0,0
2.014253542,1,0
2.014327750,0,0
2.014484042,0,1
2.015124708,0,0
2.016597208,1,0
2.016671458,0,0
2.016827667,0,1
2.017468625,0,0
2.018940917,1,0
2.019015167,0,0
2.019171375,0,1
2.019812542,0,0
2.021284625,1,0
2.021358833,0,0
2.021515083,0,1
2.022156458,0,0
2.023628333,1,0
2.023702583,0,0
2.023858708,0,1
2.024499667,0,0
2.025972042,1,0
2.026046250,0,0
2.026202708,0,1
2.026843917,0,0
2.028315708,1,0
2.028389917,0,0
2.028546333,0,1
2.029187292,0,0
2.030659375,1,0
2.030733583,0,0
2.030889917,0,1
2.031530833,0,0
2.033003083,1,0
2.033077292,0,0
2.033233500,0,1
2.033874167,0,0
2.035346792,1,0
2.035421000,0,0
2.035577208,0,1
2.036217958,0,0
2.037690583,1,0
2.037764792,0,0
2.037924625,0,1
2.038565792,0,0
2.040034208,1,0
2.040108417,0,0
2.040264667,0,1
2.040905667,0,0
2.042377958,1,0
2.042452167,0,0
2.042608500,0,1
2.043249458,0,0
2.044721583,1,0
2.044795833,0,0
2.044952333,0,1
2.045593375,0,0
2.047065250,1,0
2.047139500,0,0
2.047295708,0,1
2.047936458,0,0
2.049409042,1,0
2.049483250,0,0
2.049639875,0,1
2.050280875,0,0
2.051752667,1,0
2.051826917,0,0
2.051983375,0,1
2.052624458,0,0
2.054096333,1,0
2.054170542,0,0
2.054327083,0,1
2.054968125,0,0
2.056440042,1,0
2.056514292,0,0
2.056670667,0,1
2.057311667,0,0
2.058783708,1,0
2.058857958,0,0
2.059014333,0,1
2.059655542,0,0
2.061127417,1,0
2.061201667,0,0
2.061357875,0,1
2.061998667,0,0
2.063471167,1,0
2.063545417,0,0
2.063701583,0,1
2.064342417,0,0
2.065814875,1,0
2.065889125,0,0
2.066045458,0,1
2.066686417,0,0
2.068158542,1,0
2.068232750,0,0
2.068388958,0,1
2.069029917,0,0
2.070502292,1,0
2.070576500,0,0
2.070736167,0,1
2.071377208,0,0
2.072845917,1,0
2.072920125,0,0
2.073076417,0,1
2.073717375,0,0
2.075189625,1,0
2.075263833,0,0
2.075423667,0,1
2.076064833,0,0
2.077533292,1,0
2.077607542,0,0
2.077763750,0,1
2.078404917,0,0
2.079877000,1,0
2.079951208,0,0
2.080107333,0,1
2.080748167,0,0
2.082220750,1,0
2.082294958,0,0
2.082451417,0,1
2.083092625,0,0
2.084564375,1,0
2.084638583,0,0
2.084794708,0,1
2.085435833,0,0
2.086908125,1,0
2.086982333,0,0
2.087138708,0,1
2.087779875,0,0
2.089251792,1,0
2.089326000,0,0
2.089482292,0,1
2.090123458,0,0
2.091595458,1,0
2.091669667,0,0
2.091825875,0,1
2.092466875,0,0
2.093939167,1,0
2.094013375,0,0
2.094169667,0,1
2.094810750,0,0
2.096282875,1,0
2.096357083,0,0
2.096513417,0,1
2.097154667,0,0
2.098626583,1,0
2.098700792,0,0
2.098857125,0,1
2.099498333,0,0
2.100970292,1,0
2.101044500,0,0
2.101200750,0,1
2.101841750,0,0
2.103313917,1,0
2.103388167,0,0
2.103544292,0,1
2.104185125,0,0
2.105657667,1,0
2.105731875,0,0
2.105888250,0,1
2.106529500,0,0
2.108001333,1,0
2.108075542,0,0
2.108231583,0,1
2.108872708,0,0
2.110345000,1,0
2.110419250,0,0
2.110575417,0,1
2.111216208,0,0
2.112688792,1,0
2.112763000,0,0
2.112919333,0,1
2.113560375,0,0
2.115032458,1,0
2.115106667,0,0
2.115262917,0,1
2.115904042,0,0
2.117376125,1,0
2.117450333,0,0
2.117606792,0,1
2.118247958,0,0
2.119719792,1,0
2.119794042,0,0
2.119954000,0,1
2.120595083,0,0
2.122063542,1,0
2.122137792,0,0
2.122294083,0,1
2.122935250,0,0
2.124407208,1,0
2.124481458,0,0
2.124640917,0,1
2.125282250,0,0
2.126750917,1,0
2.126825125,0,0
2.126984667,0,1
2.127625833,0,0
2.129094667,1,0
2.129168875,0,0
2.129328458,0,1
2.129969625,0,0
2.131438292,1,0
2.131512500,0,0
2.131668875,0,1
2.132309875,0,0
2.133782042,1,0
2.133856250,0,0
2.134012583,0,1
2.134653542,0,0
2.136125708,1,0
2.136199917,0,0
2.136356250,0,1
2.136997125,0,0
2.138469375,1,0
2.138543583,0,0
2.138699958,0,1
2.139340958,0,0
2.140813042,1,0
2.140887250,0,0
2.141043583,0,1
2.141684417,0,0
2.143156750,1,0
2.143230958,0,0
2.143387208,0,1
2.144028292,0,0
2.145500500,1,0
2.145574708,0,0
2.145734333,0,1
2.146375417,0,0
2.147844167,1,0
2.147918375,0,0
2.148074458,0,1
2.148715583,0,0
2.150187917,1,0
2.150262167,0,0
2.150418708,0,1
2.151059792,0,0
2.152531542,1,0
2.152605792,0,0
2.152762208,0,1
2.153403042,0,0
2.154875250,1,0
2.154949500,0,0
2.155109417,0,1
2.155750542,0,0
2.157218958,1,0
2.157293208,0,0
2.157452833,0,1
2.158094292,0,0
2.159562667,1,0
2.159636917,0,0
2.159793125,0,1
2.160434458,0,0
2.161906375,1,0
2.161980583,0,0
2.162136958,0,1
2.162778042,0,0
2.164250083,1,0
2.164324292,0,0
2.164480417,0,1
2.165121417,0,0
2.166593750,1,0
2.166667958,0,0
2.166824208,0,1
2.167465125,0,0
2.168937417,1,0
2.169011625,0,0
2.169171292,0,1
2.169812292,0,0
2.171281167,1,0
2.171355417,0,0
2.171511875,0,1
2.172152875,0,0
2.173624833,1,0
2.173699083,0,0
2.173855542,0,1
2.174496417,0,0
2.175968542,1,0
2.176042750,0,0
2.176199167,0,1
2.176840458,0,0
2.178312167,1,0
2.178386417,0,0
2.178542792,0,1
2.179183958,0,0
2.180655917,1,0
2.180730125,0,0
2.180886375,0,1
2.181527542,0,0
2.182999625,1,0
2.183073833,0,0
2.183230000,0,1
2.183870833,0,0
2.185343333,1,0
2.185417542,0,0
2.185573833,0,1
2.186214750,0,0
2.187686958,1,0
2.187761208,0,0
2.187917500,0,1
2.188558583,0,0
2.190030750,1,0
2.190104958,0,0
2.190261208,0,1
2.190902125,0,0
2.192374417,1,0
2.192448625,0,0
2.192605042,0,1
2.193246042,0,0
2.194718083,1,0
2.194792292,0,0
2.194948667,0,1
2.195589958,0,0
2.197061792,1,0
2.197136000,0,0
2.197292375,0,1
2.197933500,0,0
2.199405500,1,0
2.199479708,0,0
2.199635792,0,1
2.200276792,0,0
2.201749208,1,0
2.201823417,0,0
2.201979750,0,1
2.202620625,0,0
2.204092875,1,0
2.204167083,0,0
2.204323458,0,1
2.204964333,0,0
2.206436542,1,0
2.206510750,0,0
2.206667208,0,1
2.207308042,0,0
2.208780208,1,0
2.208854458,0,0
2.209014167,0,1
2.209655500,0,0
2.211124000,1,0
2.211198208,0,0
2.211354500,0,1
2.211995417,0,0
2.213467625,1,0
2.213541833,0,0
2.213698042,0,1
2.214339042,0,0
2.215811333,1,0
2.215885542,0,0
2.216041667,0,1
2.216682708,0,0
2.218155083,1,0
2.218229292,0,0
2.218385417,0,1
2.219026417,0,0
2.220498792,1,0
2.220573000,0,0
2.220729375,0,1
2.221370333,0,0
2.222842458,1,0
2.222916667,0,0
2.223072792,0,1
2.223713917,0,0
2.225186125,1,0
2.225260333,0,0
2.225416542,0,1
2.226057458,0,0
2.227529875,1,0
2.227604083,0,0
2.227760500,0,1
2.228401625,0,0
2.229873542,1,0
2.229947792,0,0
2.230103958,0,1
2.230745042,0,0
2.232217250,1,0
2.232291458,0,0
2.232447500,0,1
2.233088500,0,0
2.234560958,1,0
2.234635167,0,0
2.234791750,0,1
2.235432667,0,0
2.236904708,1,0
2.236978917,0,0
2.237135333,0,1
2.237776167,0,0
2.239248250,1,0
2.239322458,0,0
2.239478750,0,1
2.240119875,0,0
2.241592000,1,0
2.241666250,0,0
2.241825917,0,1
2.242466875,0,0
2.243935667,1,0
2.244009917,0,0
2.244166083,0,1
2.244807000,0,0
2.246279417,1,0
2.246353625,0,0
2.246509750,0,1
2.247150750,0,0
2.248623042,1,0
2.248697292,0,0
2.248853708,0,1
2.249494667,0,0
2.250966750,1,0
2.251040958,0,0
2.251197250,0,1
2.251838167,0,0
2.253310500,1,0
2.253384708,0,0
2.253540750,0,1
2.254181500,0,0
2.255654167,1,0
2.255728375,0,0
2.255884500,0,1
2.256525458,0,0
2.257997875,1,0
2.258072083,0,0
2.258228333,0,1
2.258869042,0,0
2.260341542,1,0
2.260415750,0,0
2.260572000,0,1
2.261212958,0,0
2.262685250,1,0
2.262759458,0,0
2.262915500,0,1
2.263556667,0,0
2.265028958,1,0
2.265103208,0,0
2.265259667,0,1
2.265900708,0,0
2.267372625,1,0
2.267446833,0,0
2.267603083,0,1
2.268243958,0,0
2.269716292,1,0
2.269790500,0,0
2.269946917,0,1
2.270587917,0,0
2.272060042,1,0
2.272134250,0,0
2.272290833,0,1
2.272931792,0,0
2.274403708,1,0
2.274477958,0,0
2.274637625,0,1
2.275278750,0,0
2.276747500,1,0
2.276821708,0,0
2.276981292,0,1
2.277622542,0,0
2.279091167,1,0
2.279165375,0,0
2.279324917,0,1
2.279966125,0,0
2.281434792,1,0
2.281509042,0,0
2.281665500,0,1
2.282306708,0,0
2.283778542,1,0
2.283852750,0,0
2.284008917,0,1
2.284649833,0,0
2.286122250,1,0
2.286196458,0,0
2.286352625,0,1
2.286993625,0,0
2.288465917,1,0
2.288540167,0,0
2.288696333,0,1
2.289337000,0,0
2.290809583,1,0
2.290883833,0,0
2.291040292,0,1
2.291681208,0,0
2.293153292,1,0
2.293227500,0,0
2.293383708,0,1
2.294024708,0,0
2.295496917,1,0
2.295571125,0,0
2.295727583,0,1
2.296368583,0,0
2.297840708,1,0
2.297914917,0,0
2.298071292,0,1
2.298712417,0,0
2.300184375,1,0
2.300258583,0,0
2.300414958,0,1
2.301056167,0,0
2.302528125,1,0
2.302602333,0,0
2.302762208,0,1
2.303403375,0,0
2.304871792,1,0
2.304946000,0,0
2.305102333,0,1
2.305743500,0,0
2.307215500,1,0
2.307289750,0,0
2.307445958,0,1
2.308087042,0,0
2.309559167,1,0
2.309633417,0,0
2.309792833,0,1
2.310433917,0,0
2.311902875,1,0
2.311977083,0,0
2.312133250,0,1
2.312774042,0,0
2.314246542,1,0
2.314320750,0,0
2.314477083,0,1
2.315118167,0,0
2.316590208,1,0
2.316664458,0,0
2.316820708,0,1
2.317461583,0,0
2.318934000,1,0
2.319008208,0,0
2.319164583,0,1
2.319805667,0,0
2.321277667,1,0
2.321351875,0,0
2.321508125,0,1
2.322149208,0,0
2.323621292,1,0
2.323695542,0,0
2.323851708,0,1
2.324492833,0,0
2.325965042,1,0
2.326039292,0,0
2.326195375,0,1
2.326836458,0,0
2.328308667,1,0
2.328382917,0,0
2.328539417,0,1
2.329180333,0,0
2.330652458,1,0
2.330726667,0,0
2.330882958,0,1
2.331523875,0,0
2.332996083,1,0
2.333070292,0,0
2.333226500,0,1
2.333867458,0,0
2.335339875,1,0
2.335414083,0,0
2.335570292,0,1
2.336211417,0,0
2.337683542,1,0
2.337757750,0,0
2.337913917,0,1
2.338554875,0,0
2.340027208,1,0
2.340101417,0,0
2.340257833,0,1
2.340898917,0,0
2.342370917,1,0
2.342445125,0,0
2.342601417,0,1
2.343242417,0,0
2.344714583,1,0
2.344788792,0,0
2.344945250,0,1
2.345586500,0,0
2.347058292,1,0
2.347132542,0,0
2.347288875,0,1
2.347930167,0,0
2.349402042,1,0
2.349476250,0,0
2.349632458,0,1
2.350273583,0,0
2.351745625,1,0
2.351819833,0,0
2.351976167,0,1
2.352616792,0,0
2.354089375,1,0
2.354163625,0,0
2.354319958,0,1
2.354961083,0,0
2.356433042,1,0
2.356507250,0,0
2.356663500,0,1
2.357304625,0,0
2.358776792,1,0
2.358851000,0,0
2.359007208,0,1
2.359648333,0,0
2.361120458,1,0
2.361194667,0,0
2.361350875,0,1
2.361991667,0,0
2.363464125,1,0
2.363538333,0,0
2.363694625,0,1
2.364335500,0,0
2.365807875,1,0
2.365882083,0,0
2.366041833,0,1
2.366683000,0,0
2.368151583,1,0
2.368225833,0,0
2.368382208,0,1
2.369023167,0,0
2.370495292,1,0
2.370569500,0,0
2.370725708,0,1
2.371366583,0,0
2.372838917,1,0
2.372913125,0,0
2.373069458,0,1
2.373710292,0,0
2.375182583,1,0
2.375256833,0,0
2.375413208,0,1
2.376054208,0,0
2.377526333,1,0
2.377600542,0,0
2.377756708,0,1
2.378397667,0,0
2.379870083,1,0
2.379944292,0,0
2.380100458,0,1
2.380741375,0,0
2.382213708,1,0
2.382287917,0,0
2.382444417,0,1
2.383085333,0,0
2.384557417,1,0
2.384631625,0,0
2.384788000,0,1
2.385428958,0,0
2.386901042,1,0
2.386975250,0,0
2.387131500,0,1
2.387772292,0,0
2.389244792,1,0
2.389319000,0,0
2.389475167,0,1
2.390116125,0,0
2.391588458,1,0
2.391662708,0,0
2.391819208,0,1
2.392460292,0,0
2.393932250,1,0
2.394006458,0,0
2.394166292,0,1
2.394807292,0,0
2.396275875,1,0
2.396350125,0,0
2.396506458,0,1
2.397147417,0,0
2.398619583,1,0
2.398693792,0,0
2.398850125,0,1
2.399491042,0,0
2.400963250,1,0
2.401037458,0,0
2.401197500,0,1
2.401838375,0,0
2.403307000,1,0
2.403381208,0,0
2.403537292,0,1
2.404178417,0,0
2.405650708,1,0
2.405724917,0,0
2.405881042,0,1
2.406522250,0,0
2.407994375,1,0
2.408068583,0,0
2.408224833,0,1
2.408865958,0,0
2.410338083,1,0
2.410412333,0,0
2.410568792,0,1
2.411209667,0,0
2.412681750,1,0
2.412755958,0,0
2.412912375,0,1
2.413553208,0,0
2.415025542,1,0
2.415099750,0,0
2.415256000,0,1
2.415897208,0,0
2.417369167,1,0
2.417443375,0,0
2.417599500,0,1
2.418240292,0,0
2.419712792,1,0
2.419787000,0,0
2.419943250,0,1
2.420584208,0,0
2.422056542,1,0
2.422130792,0,0
2.422287333,0,1
2.422928250,0,0
2.424400208,1,0
2.424474417,0,0
2.424630542,0,1
2.425271667,0,0
2.426743917,1,0
2.426818167,0,0
2.426977792,0,1
2.427618875,0,0
2.429087625,1,0
2.429161875,0,0
2.429318333,0,1
2.429959250,0,0
2.431431333,1,0
2.431505542,0,0
2.431661708,0,1
2.432302792,0,0
2.433775083,1,0
2.433849292,0,0
2.434005667,0,1
2.434646792,0,0
2.436118708,1,0
2.436192917,0,0
2.436349042,0,1
2.436989958,0,0
2.438462417,1,0
2.438536667,0,0
2.438692833,0,1
2.439333583,0,0
2.440806125,1,0
2.440880333,0,0
2.441036625,0,1
2.441677542,0,0
2.443149792,1,0
2.443224000,0,0
2.443383708,0,1
2.444024917,0,0
2.445493542,1,0
2.445567792,0,0
2.445724000,0,1
2.446365000,0,0
2.447837167,1,0
2.447911375,0,0
2.448067708,0,1
2.448708708,0,0
2.450180833,1,0
2.450255083,0,0
2.450411500,0,1
2.451052458,0,0
2.452524625,1,0
2.452598833,0,0
2.452755083,0,1
2.453396083,0,0
2.454868333,1,0
2.454942542,0,0
2.455098750,0,1
2.455739708,0,0
2.457212042,1,0
2.457286250,0,0
2.457445958,0,1
2.458087125,0,0
2.459555667,1,0
2.459629917,0,0
2.459786125,0,1
2.460427250,0,0
2.461899333,1,0
2.461973542,0,0
2.462129667,0,1
2.462770667,0,0
2.464243000,1,0
2.464317208,0,0
2.464473417,0,1
2.465114458,0,0
2.466586792,1,0
2.466661000,0,0
2.466817500,0,1
2.467458750,0,0
2.468930458,1,0
2.469004708,0,0
2.469160917,0,1
2.469802167,0,0
2.471274167,1,0
2.471348375,0,0
2.471504625,0,1
2.472145708,0,0
2.473617875,1,0
2.473692083,0,0
2.473848250,0,1
2.474489417,0,0
2.475961542,1,0
2.476035750,0,0
2.476195542,0,1
2.476836750,0,0
2.478305292,1,0
2.478379542,0,0
2.478535792,0,1
2.479177167,0,0
2.480648917,1,0
2.480723125,0,0
2.480879708,0,1
2.481520750,0,0
2.482992625,1,0
2.483066833,0,0
2.483226667,0,1
2.483867750,0,0
2.485336292,1,0
2.485410500,0,0
2.485566708,0,1
2.486207708,0,0
2.487680042,1,0
2.487754250,0,0
2.487910667,0,1
2.488551708,0,0
2.490023708,1,0
2.490097917,0,0
2.490254167,0,1
2.490895208,0,0
2.492367458,1,0
2.492441667,0,0
2.492597875,0,1
2.493239000,0,0
2.494711083,1,0
2.494785292,0,0
2.494941417,0,1
2.495582542,0,0
2.497054833,1,0
2.497129042,0,0
2.497285208,0,1
2.497926083,0,0
2.499398500,1,0
2.499472708,0,0
2.499628833,0,1
2.500269833,0,0
2.501742208,1,0
2.501816417,0,0
2.501972833,0,1
2.502613792,0,0
2.504085917,1,0
2.504160125,0,0
2.504316417,0,1
2.504957417,0,0
2.506429542,1,0
2.506503750,0,0
2.506659917,0,1
2.507300958,0,0
2.508773208,1,0
2.508847417,0,0
2.509003792,0,1
2.509644833,0,0
2.511116958,1,0
2.511191167,0,0
2.511347667,0,1
2.511988542,0,0
2.513460708,1,0
2.513534958,0,0
2.513691125,0,1
2.514331833,0,0
2.515804333,1,0
2.515878583,0,0
2.516034792,0,1
2.516675667,0,0
2.518148083,1,0
2.518222292,0,0
2.518378750,0,1
2.519019750,0,0
2.520491750,1,0
2.520566000,0,0
2.520722375,0,1
2.521363500,0,0
2.522835500,1,0
2.522909708,0,0
2.523069625,0,1
2.523710667,0,0
2.525179167,1,0
2.525253417,0,0
2.525409792,0,1
2.526050917,0,0
2.527522833,1,0
2.527597042,0,0
2.527753250,0,1
2.528394042,0,0
2.529866625,1,0
2.529940833,0,0
2.530097208,0,1
2.530738292,0,0
2.532210208,1,0
2.532284417,0,0
2.532440958,0,1
2.533082000,0,0
2.534554000,1,0
2.534628250,0,0
2.534784583,0,1
2.535425875,0,0
2.536897667,1,0
2.536971875,0,0
2.537128125,0,1
2.537769167,0,0
2.539241375,1,0
2.539315583,0,0
2.539471833,0,1
2.540112875,0,0
2.541585042,1,0
2.541659250,0,0
2.541815417,0,1
2.542456542,0,0
2.543928750,1,0
2.544002958,0,0
2.544159042,0,1
2.544800042,0,0
2.546272417,1,0
2.546346625,0,0
2.546502833,0,1
2.547143583,0,0
2.548616167,1,0
2.548690375,0,0
2.548846458,0,1
2.549487667,0,0
2.550959750,1,0
2.551034000,0,0
2.551190042,0,1
2.551831042,0,0
2.553303500,1,0
2.553377708,0,0
2.553533875,0,1
2.554174833,0,0
2.555647167,1,0
2.555721375,0,0
2.555877542,0,1
2.556518500,0,0
2.557990958,1,0
2.558065167,0,0
2.558221458,0,1
2.558862625,0,0
2.560334542,1,0
2.560408792,0,0
2.560565000,0,1
2.561206125,0,0
2.562678208,1,0
2.562752417,0,0
2.562908625,0,1
2.563549583,0,0
2.565022000,1,0
2.565096208,0,0
2.565252458,0,1
2.565893583,0,0
2.567365625,1,0
2.567439833,0,0
2.567596125,0,1
2.568236875,0,0
2.569709375,1,0
2.569783583,0,0
2.569939792,0,1
2.570580500,0,0
2.572053000,1,0
2.572127250,0,0
2.572283458,0,1
2.572924292,0,0
2.574396792,1,0
2.574471000,0,0
2.574627125,0,1
2.575268083,0,0
2.576740458,1,0
2.576814667,0,0
2.576971167,0,1
2.577612208,0,0
2.579084208,1,0
2.579158458,0,0
2.579314917,0,1
2.579955917,0,0
2.581427833,1,0
2.581502042,0,0
2.581658208,0,1
2.582298917,0,0
2.583771583,1,0
2.583845833,0,0
2.584002083,0,1
2.584643042,0,0
2.586115208,1,0
2.586189417,0,0
2.586345625,0,1
2.586986417,0,0
2.588458958,1,0
2.588533167,0,0
2.588689458,0,1
2.589330625,0,0
2.590802583,1,0
2.590876833,0,0
2.591033083,0,1
2.591674292,0,0
2.593146375,1,0
2.593220583,0,0
2.593376667,0,1
2.594017917,0,0
2.595490042,1,0
2.595564250,0,0
2.595723833,0,1
2.596365125,0,0
2.597833708,1,0
2.597907917,0,0
2.598064125,0,1
2.598705042,0,0
2.600177458,1,0
2.600251667,0,0
2.600407833,0,1
2.601048583,0,0
2.602521125,1,0
2.602595333,0,0
2.602751667,0,1
2.603392625,0,0
2.604864833,1,0
2.604939042,0,0
2.605095458,0,1
2.605736333,0,0
2.607208417,1,0
2.607282625,0,0
2.607438750,0,1
2.608079792,0,0
2.609552250,1,0
2.609626500,0,0
2.609782750,0,1
2.610423667,0,0
2.611895958,1,0
2.611970167,0,0
2.612126667,0,1
2.612767375,0,0
2.614239583,1,0
2.614313792,0,0
2.614470208,0,1
2.615111167,0,0
2.616583292,1,0
2.616657500,0,0
2.616817125,0,1
2.617458208,0,0
2.618926958,1,0
2.619001208,0,0
2.619157667,0,1
2.619798625,0,0
2.621270625,1,0
2.621344875,0,0
2.621501250,0,1
2.622142250,0,0
2.623614375,1,0
2.623688625,0,0
2.623845125,0,1
2.624486083,0,0
2.625958125,1,0
2.626032333,0,0
2.626188625,0,1
2.626829875,0,0
2.628301750,1,0
2.628375958,0,0
2.628532083,0,1
2.629173208,0,0
2.630645417,1,0
2.630719625,0,0
2.630875833,0,1
2.631516792,0,0
2.632989167,1,0
2.633063375,0,0
2.633219750,0,1
2.633860708,0,0
2.635332875,1,0
2.635407083,0,0
2.635563625,0,1
2.636204625,0,0
2.637676583,1,0
2.637750792,0,0
2.637906958,0,1
2.638547708,0,0
2.640020292,1,0
2.640094500,0,0
2.640250875,0,1
2.640891875,0,0
2.642363917,1,0
2.642438167,0,0
2.642594542,0,1
2.643235708,0,0
2.644707583,1,0
2.644781792,0,0
2.644938000,0,1
2.645578792,0,0
2.647051250,1,0
2.647125458,0,0
2.647281542,0,1
2.647922667,0,0
2.649395042,1,0
2.649469250,0,0
2.649625500,0,1
2.650266583,0,0
2.651738750,1,0
2.651812958,0,0
2.651969375,0,1
2.652610250,0,0
2.654082417,1,0
2.654156625,0,0
2.654316208,0,1
2.654957458,0,0
2.656426125,1,0
2.656500333,0,0
2.656656667,0,1
2.657297917,0,0
2.658769792,1,0
2.658844000,0,0
2.659000167,0,1
2.659640833,0,0
2.661113458,1,0
2.661187667,0,0
2.661344000,0,1
2.661984958,0,0
2.663457125,1,0
2.663531375,0,0
2.663687583,0,1
2.664328250,0,0
2.665800875,1,0
2.665875125,0,0
2.666031208,0,1
2.666672250,0,0
2.668144542,1,0
2.668218750,0,0
2.668375292,0,1
2.669016250,0,0
2.670488292,1,0
2.670562500,0,0
2.670722417,0,1
2.671363250,0,0
2.672831958,1,0
2.672906208,0,0
2.673066042,0,1
2.673706958,0,0
2.675175583,1,0
2.675249833,0,0
2.675406042,0,1
2.676047042,0,0
2.677519333,1,0
2.677593542,0,0
2.677749792,0,1
2.678390542,0,0
2.679863083,1,0
2.679937292,0,0
2.680093542,0,1
2.680734208,0,0
2.682206792,1,0
2.682281000,0,0
2.682440625,0,1
2.683081833,0,0
2.684550417,1,0
2.684624625,0,0
2.684780792,0,1
2.685421958,0,0
2.686894125,1,0
2.686968333,0,0
2.687124417,0,1
2.687765417,0,0
2.689237875,1,0
2.689312083,0,0
2.689468500,0,1
2.690109583,0,0
2.691581500,1,0
2.691655750,0,0
2.691811917,0,1
2.692452875,0,0
2.693925208,1,0
2.693999417,0,0
2.694155625,0,1
2.694796750,0,0
2.696268875,1,0
2.696343083,0,0
2.696499458,0,1
2.697140458,0,0
2.698612667,1,0
2.698686875,0,0
2.698843042,0,1
2.699483750,0,0
2.700956375,1,0
2.701030583,0,0
2.701186833,0,1
2.701828000,0,0
2.703299958,1,0
2.703374167,0,0
2.703530542,0,1
2.704171833,0,0
2.705643667,1,0
2.705717917,0,0
2.705873958,0,1
2.706514917,0,0
2.707987375,1,0
2.708061583,0,0
2.708217667,0,1
2.708858625,0,0
2.710331125,1,0
2.710405333,0,0
2.710561375,0,1
2.711202250,0,0
2.712674792,1,0
2.712749042,0,0
2.712905167,0,1
2.713546375,0,0
2.715018458,1,0
2.715092708,0,0
2.715249000,0,1
2.715890292,0,0
2.717362125,1,0
2.717436375,0,0
2.717596500,0,1
2.718237833,0,0
2.719705833,1,0
2.719780042,0,0
2.719936167,0,1
2.720577250,0,0
2.722049542,1,0
2.722123750,0,0
2.722280042,0,1
2.722920875,0,0
2.724393292,1,0
2.724467500,0,0
2.724623708,0,1
2.725264417,0,0
2.726736958,1,0
2.726811167,0,0
2.726967333,0,1
2.727608292,0,0
2.729080625,1,0
2.729154833,0,0
2.729311208,0,1
2.729952417,0,0
2.731424417,1,0
2.731498625,0,0
2.731654833,0,1
2.732295750,0,0
2.733768000,1,0
2.733842208,0,0
2.733998417,0,1
2.734639375,0,0
2.736111750,1,0
2.736185958,0,0
2.736342167,0,1
2.736982833,0,0
2.738455417,1,0
2.738529625,0,0
2.738685875,0,1
2.739326583,0,0
2.740799125,1,0
2.740873375,0,0
2.741029542,0,1
2.741670292,0,0
2.743142833,1,0
2.743217042,0,0
2.743373292,0,1
2.744014292,0,0
2.745486542,1,0
2.745560750,0,0
2.745717125,0,1
2.746357875,0,0
2.747830292,1,0
2.747904500,0,0
2.748060708,0,1
2.748701625,0,0
2.750173917,1,0
2.750248125,0,0
2.750404542,0,1
2.751045500,0,0
2.752517583,1,0
2.752591792,0,0
2.752748250,0,1
2.753389250,0,0
2.754861333,1,0
2.754935542,0,0
2.755091833,0,1
2.755732708,0,0
2.757205000,1,0
2.757279208,0,0
2.757435417,0,1
2.758076458,0,0
2.759548750,1,0
2.759622958,0,0
2.759779250,0,1
2.760420333,0,0
2.761892375,1,0
2.761966583,0,0
2.762122917,0,1
2.762764208,0,0
2.764236083,1,0
2.764310292,0,0
2.764466708,0,1
2.765107625,0,0
2.766579792,1,0
2.766654000,0,0
2.766813792,0,1
2.767454958,0,0
2.768923500,1,0
2.768997750,0,0
2.769154042,0,1
2.769794917,0,0
2.771267125,1,0
2.771341333,0,0
2.771497542,0,1
2.772138500,0,0
2.773610958,1,0
2.773685167,0,0
2.773841625,0,1
2.774482542,0,0
2.775954583,1,0
2.776028792,0,0
2.776185250,0,1
2.776826375,0,0
2.778298292,1,0
2.778372542,0,0
2.778528708,0,1
2.779169542,0,0
2.780641958,1,0
2.780716167,0,0
2.780872583,0,1
2.781513708,0,0
2.782985625,1,0
2.783059875,0,0
2.783219500,0,1
2.783860917,0,0
2.785329333,1,0
2.785403625,0,0
2.785559875,0,1
2.786200917,0,0
2.787673042,1,0
2.787747250,0,0
2.787903333,0,1
2.788544125,0,0
2.790016750,1,0
2.790091042,0,0
2.790247167,0,1
2.790888375,0,0
2.792360417,1,0
2.792434625,0,0
2.792590792,0,1
2.793231875,0,0
2.794704125,1,0
2.794778333,0,0
2.794934792,0,1
2.795575833,0,0
2.797047833,1,0
2.797122042,0,0
2.797278167,0,1
2.797919167,0,0
2.799391458,1,0
2.799465708,0,0
2.799622167,0,1
2.800263167,0,0
2.801735250,1,0
2.801809458,0,0
2.801965708,0,1
2.802606625,0,0
2.804078958,1,0
2.804153167,0,0
2.804309292,0,1
2.804950208,0,0
2.806422542,1,0
2.806496792,0,0
2.806653125,0,1
2.807294125,0,0
2.808766250,1,0
2.808840500,0,0
2.809000000,0,1
2.809640958,0,0
2.811109958,1,0
2.811184208,0,0
2.811340375,0,1
2.811981417,0,0
2.813453750,1,0
2.813527958,0,0
2.813684292,0,1
2.814325250,0,0
2.815797375,1,0
2.815871583,0,0
2.816027833,0,1
2.816668667,0,0
2.818141042,1,0
2.818215250,0,0
2.818371542,0,1
2.819012667,0,0
2.820484833,1,0
2.820559042,0,0
2.820715292,0,1
2.821356375,0,0
2.822828417,1,0
2.822902667,0,0
2.823058833,0,1
2.823699792,0,0
2.825172167,1,0
2.825246375,0,0
2.825402542,0,1
2.826043583,0,0
2.827515875,1,0
2.827590083,0,0
2.827746375,0,1
2.828387458,0,0
2.829859583,1,0
2.829933792,0,0
2.830090042,0,1
2.830731167,0,0
2.832203250,1,0
2.832277458,0,0
2.832433708,0,1
2.833075042,0,0
2.834546958,1,0
2.834621167,0,0
2.834780917,0,1
2.835422125,0,0
2.836890625,1,0
2.836964833,0,0
2.837121250,0,1
2.837762375,0,0
2.839234333,1,0
2.839308542,0,0
2.839468208,0,1
2.840109333,0,0
2.841578083,1,0
2.841652292,0,0
2.841808500,0,1
2.842449583,0,0
2.843921750,1,0
2.843995958,0,0
2.844152375,0,1
2.844793500,0,0
2.846265417,1,0
2.846339625,0,0
2.846495792,0,1
2.847136750,0,0
2.848609167,1,0
2.848683375,0,0
2.848839792,0,1
2.849480708,0,0
2.850952750,1,0
2.851026958,0,0
2.851183083,0,1
2.851824000,0,0
2.853296458,1,0
2.853370708,0,0
2.853527125,0,1
2.854168292,0,0
2.855640208,1,0
2.855714417,0,0
2.855870625,0,1
2.856511583,0,0
2.857983875,1,0
2.858058083,0,0
2.858214292,0,1
2.858855375,0,0
2.860327625,1,0
2.860401875,0,0
2.860558167,0,1
2.861199000,0,0
2.862671250,1,0
2.862745500,0,0
2.862905250,0,1
2.863546333,0,0
2.865015042,1,0
2.865089292,0,0
2.865245417,0,1
2.865886375,0,0
2.867358667,1,0
2.867432875,0,0
2.867589042,0,1
2.868229958,0,0
2.869702417,1,0
2.869776625,0,0
2.869936583,0,1
2.870577625,0,0
2.872046042,1,0
2.872120292,0,0
2.872276625,0,1
2.872917667,0,0
2.874389792,1,0
2.874464000,0,0
2.874620167,0,1
2.875260917,0,0
2.876733500,1,0
2.876807708,0,0
2.876963875,0,1
2.877604542,0,0
2.879077167,1,0
2.879151375,0,0
2.879307708,0,1
2.879948625,0,0
2.881420833,1,0
2.881495083,0,0
2.881651292,0,1
2.882292250,0,0
2.883764583,1,0
2.883838792,0,0
2.883994833,0,1
2.884635708,0,0
2.886108208,1,0
2.886182417,0,0
2.886338792,0,1
2.886979708,0,0
2.888451917,1,0
2.888526125,0,0
2.888682333,0,1
2.889323292,0,0
2.890795667,1,0
2.890869875,0,0
2.891026333,0,1
2.891667375,0,0
2.893139292,1,0
2.893213500,0,0
2.893369625,0,1
2.894010667,0,0
2.895483000,1,0
2.895557208,0,0
2.895713542,0,1
2.896354500,0,0
2.897826708,1,0
2.897900917,0,0
2.898057125,0,1
2.898698000,0,0
2.900170375,1,0
2.900244583,0,0
2.900400792,0,1
2.901041750,0,0
2.902514125,1,0
2.902588333,0,0
2.902748042,0,1
2.903389000,0,0
2.904857792,1,0
2.904932042,0,0
2.905088208,0,1
2.905729125,0,0
2.907201542,1,0
2.907275750,0,0
2.907432000,0,1
2.908072875,0,0
2.909545250,1,0
2.909619458,0,0
2.909775667,0,1
2.910416542,0,0
2.911888833,1,0
2.911963042,0,0
2.912119292,0,1
2.912760250,0,0
2.914232583,1,0
2.914306792,0,0
2.914466417,0,1
2.915107750,0,0
2.916576333,1,0
2.916650583,0,0
2.916807042,0,1
2.917447875,0,0
2.918919958,1,0
2.918994167,0,0
2.919150583,0,1
2.919791708,0,0
2.921263667,1,0
2.921337875,0,0
2.921494042,0,1
2.922135042,0,0
2.923607333,1,0
2.923681542,0,0
2.923837792,0,1
2.924478750,0,0
2.925951125,1,0
2.926025333,0,0
2.926181458,0,1
2.926822375,0,0
2.928294750,1,0
2.928368958,0,0
2.928525083,0,1
2.929165958,0,0
2.930638500,1,0
2.930712708,0,0
2.930869042,0,1
2.931510167,0,0
2.932982125,1,0
2.933056333,0,0
2.933212708,0,1
2.933853750,0,0
2.935325875,1,0
2.935400083,0,0
2.935559667,0,1
2.936200875,0,0
2.937669583,1,0
2.937743833,0,0
2.937900375,0,1
2.938541250,0,0
2.940013167,1,0
2.940087417,0,0
2.940244000,0,1
2.940884958,0,0
2.942356958,1,0
2.942431167,0,0
2.942587333,0,1
2.943228250,0,0
2.944700625,1,0
2.944774833,0,0
2.944930958,0,1
2.945572125,0,0
2.947044333,1,0
2.947118583,0,0
2.947274708,0,1
2.947915708,0,0
2.949388042,1,0
2.949462250,0,0
2.949618417,0,1
2.950259458,0,0
2.951731792,1,0
2.951806000,0,0
2.951962167,0,1
2.952603042,0,0
2.954075458,1,0
2.954149667,0,0
2.954305833,0,1
2.954946625,0,0
2.956419125,1,0
2.956493375,0,0
2.956649792,0,1
2.957290958,0,0
2.958762792,1,0
2.958837000,0,0
2.958993292,0,1
2.959634000,0,0
2.961106458,1,0
2.961180667,0,0
2.961340208,0,1
2.961981042,0,0
2.963450208,1,0
2.963524458,0,0
2.963680625,0,1
2.964321375,0,0
2.965793875,1,0
2.965868125,0,0
2.966024167,0,1
2.966665208,0,0
2.968137583,1,0
2.968211792,0,0
2.968368042,0,1
2.969009167,0,0
2.970481333,1,0
2.970555542,0,0
2.970711750,0,1
2.971352750,0,0
2.972825000,1,0
2.972899250,0,0
2.973055625,0,1
2.973696750,0,0
2.975168667,1,0
2.975242875,0,0
2.975399250,0,1
2.976040417,0,0
2.977512333,1,0
2.977586542,0,0
2.977742708,0,1
2.978383750,0,0
2.979856000,1,0
2.979930250,0,0
2.980086417,0,1
2.980727208,0,0
2.982199750,1,0
2.982273958,0,0
2.982430417,0,1
2.983071292,0,0
2.984543417,1,0
2.984617625,0,0
2.984774000,0,1
2.985414875,0,0
2.986887125,1,0
2.986961333,0,0
2.987117542,0,1
2.987758542,0,0
2.989230792,1,0
2.989305042,0,0
2.989461417,0,1
2.990102500,0,0
2.991574542,1,0
2.991648750,0,0
2.991805042,0,1
2.992446167,0,0
2.993918208,1,0
2.993992458,0,0
2.994152083,0,1
2.994793333,0,0
2.996261958,1,0
2.996336208,0,0
2.996492333,0,1
2.997133333,0,0
2.998605667,1,0
2.998679875,0,0
2.998836125,0,1
2.999477042,0,0
3.000949375,1,0
3.001023583,0,0
3.001179875,0,1
3.001820750,0,0
3.003293000,1,0
3.003367208,0,0
3.003523542,0,1
3.004164708,0,0
3.005636667,1,0
3.005710875,0,0
3.005867042,0,1
3.006508125,0,0
3.007980417,1,0
3.008054625,0,0
3.008210833,0,1
3.008851792,0,0
3.010324042,1,0
3.010398250,0,0
3.010554500,0,1
3.011195375,0,0
3.012667792,1,0
3.012742000,0,0
3.012898167,0,1
3.013538833,0,0
3.015011500,1,0
3.015085708,0,0
3.015242042,0,1
3.015883042,0,0
3.017355167,1,0
3.017429375,0,0
3.017585875,0,1
3.018226917,0,0
3.019698917,1,0
3.019773167,0,0
3.019929333,0,1
3.020570500,0,0
3.022042583,1,0
3.022116792,0,0
3.022273208,0,1
3.022914292,0,0
3.024386250,1,0
3.024460458,0,0
3.024620167,0,1
3.025261250,0,0
3.026729958,1,0
3.026804167,0,0
3.026960375,0,1
3.027601292,0,0
3.029073708,1,0
3.029147958,0,0
3.029304208,0,1
3.029945208,0,0
3.031417292,1,0
3.031491500,0,0
3.031647958,0,1
3.032288958,0,0
3.033761042,1,0
3.033835292,0,0
3.033991417,0,1
3.034632625,0,0
3.036104750,1,0
3.036178958,0,0
3.036335208,0,1
3.036976167,0,0
3.038448417,1,0
3.038522667,0,0
3.038678792,0,1
3.039319792,0,0
3.040792125,1,0
3.040866333,0,0
3.041022583,0,1
3.041663458,0,0
3.043135792,1,0
3.043210000,0,0
3.043366500,0,1
3.044007333,0,0
3.045479500,1,0
3.045553750,0,0
3.045713292,0,1
3.046354333,0,0
3.047823208,1,0
3.047897417,0,0
3.048053750,0,1
3.048694875,0,0
3.050166917,1,0
3.050241167,0,0
3.050400750,0,1
3.051042083,0,0
3.052510625,1,0
3.052584833,0,0
3.052741125,0,1
3.053382417,0,0
3.054854375,1,0
3.054928625,0,0
3.055084875,0,1
3.055725792,0,0
3.057197958,1,0
3.057272208,0,0
3.057431875,0,1
3.058073042,0,0
3.059541667,1,0
3.059615917,0,0
3.059772333,0,1
3.060413458,0,0
3.061885417,1,0
3.061959625,0,0
3.062115833,0,1
3.062757000,0,0
3.064229042,1,0
3.064303292,0,0
3.064459750,0,1
3.065100917,0,0
3.066572792,1,0
3.066647000,0,0
3.066803375,0,1
3.067444292,0,0
3.068916500,1,0
3.068990750,0,0
3.069146875,0,1
3.069787708,0,0
3.071260208,1,0
3.071334417,0,0
3.071490583,0,1
3.072131333,0,0
3.073603875,1,0
3.073678125,0,0
3.073834292,0,1
3.074475250,0,0
3.075947667,1,0
3.076021875,0,0
3.076177917,0,1
3.076818667,0,0
3.078291208,1,0
3.078365458,0,0
3.078521583,0,1
3.079162583,0,0
3.080635042,1,0
3.080709250,0,0
3.080865542,0,1
3.081506750,0,0
3.082978625,1,0
3.083052833,0,0
3.083212333,0,1
3.083853458,0,0
3.085322375,1,0
3.085396625,0,0
3.085556167,0,1
3.086197250,0,0
3.087666083,1,0
3.087740333,0,0
3.087896667,0,1
3.088537667,0,0
3.090009792,1,0
3.090084000,0,0
3.090240417,0,1
3.090881458,0,0
3.092353500,1,0
3.092427708,0,0
3.092584083,0,1
3.093225042,0,0
3.094697083,1,0
3.094771292,0,0
3.094927625,0,1
3.095568208,0,0
3.097040792,1,0
3.097115000,0,0
3.097274583,0,1
3.097915542,0,0
3.099384500,1,0
3.099458708,0,0
3.099615083,0,1
3.100256042,0,0
3.101728208,1,0
3.101802417,0,0
3.101958917,0,1
3.102599833,0,0
3.104071875,1,0
3.104146125,0,0
3.104305708,0,1
3.104946833,0,0
3.106415667,1,0
3.106489875,0,0
3.106645958,0,1
3.107286792,0,0
3.108759333,1,0
3.108833583,0,0
3.108989958,0,1
3.109630917,0,0
3.111103083,1,0
3.111177292,0,0
3.111333542,0,1
3.111974542,0,0
3.113446708,1,0
3.113520917,0,0
3.113677125,0,1
3.114318083,0,0
3.115790417,1,0
3.115864625,0,0
3.116020750,0,1
3.116661708,0,0
3.118134125,1,0
3.118208333,0,0
3.118364708,0,1
3.119005542,0,0
3.120477792,1,0
3.120552042,0,0
3.120711625,0,1
3.121352917,0,0
3.122821417,1,0
3.122895625,0,0
3.123051917,0,1
3.123692625,0,0
3.125165208,1,0
3.125239458,0,0
3.125395958,0,1
3.126037167,0,0
3.127508875,1,0
3.127583083,0,0
3.127739292,0,1
3.128380208,0,0
3.129852625,1,0
3.129926833,0,0
3.130082958,0,1
3.130723875,0,0
3.132196250,1,0
3.132270458,0,0
3.132426667,0,1
3.133067292,0,0
3.134539958,1,0
3.134614208,0,0
3.134770625,0,1
3.135411625,0,0
3.136883708,1,0
3.136957917,0,0
3.137114167,0,1
3.137755417,0,0
3.139227375,1,0
3.139301583,0,0
3.139457708,0,1
3.140098625,0,0
3.141571083,1,0
3.141645333,0,0
3.141801792,0,1
3.142442708,0,0
3.143914708,1,0
3.143988958,0,0
3.144145250,0,1
3.144786542,0,0
3.146258458,1,0
3.146332667,0,0
3.146489167,0,1
3.147130250,0,0
3.148602083,1,0
3.148676292,0,0
3.148832458,0,1
3.149473458,0,0
3.150945833,1,0
3.151020042,0,0
3.151176500,0,1
3.151817750,0,0
3.153289542,1,0
3.153363792,0,0
3.153519917,0,1
3.154161125,0,0
3.155633208,1,0
3.155707417,0,0
3.155867000,0,1
3.156508333,0,0
3.157977000,1,0
3.158051208,0,0
3.158207625,0,1
3.158848542,0,0
3.160320667,1,0
3.160394917,0,0
3.160554542,0,1
3.161195583,0,0
3.162664250,1,0
3.162738458,0,0
3.162894667,0,1
3.163535625,0,0
3.165007958,1,0
3.165082167,0,0
3.165238792,0,1
3.165879583,0,0
3.167351708,1,0
3.167425958,0,0
3.167582208,0,1
3.168223500,0,0
3.169695458,1,0
3.169769667,0,0
3.169929667,0,1
3.170571000,0,0
3.172039083,1,0
3.172113292,0,0
3.172269833,0,1
3.172910958,0,0
3.174382792,1,0
3.174457000,0,0
3.174613125,0,1
3.175254208,0,0
3.176726500,1,0
3.176800750,0,0
3.176956917,0,1
3.177597917,0,0
3.179070208,1,0
3.179144417,0,0
3.179300542,0,1
3.179941500,0,0
3.181413917,1,0
3.181488125,0,0
3.181644292,0,1
3.182285167,0,0
3.183757667,1,0
3.183831875,0,0
3.183988167,0,1
3.184629333,0,0
3.186101292,1,0
3.186175542,0,0
3.186331917,0,1
3.186972958,0,0
3.188444958,1,0
3.188519208,0,0
3.188675625,0,1
3.189316583,0,0
3.190788625,1,0
3.190862833,0,0
3.191019167,0,1
3.191660250,0,0
3.193132333,1,0
3.193206542,0,0
3.193362875,0,1
3.194003917,0,0
3.195476000,1,0
3.195550250,0,0
3.195709875,0,1
3.196350958,0,0
3.197819750,1,0
3.197894000,0,0
3.198050083,0,1
3.198691042,0,0
3.200163458,1,0
3.200237667,0,0
3.200393625,0,1
3.201034750,0,0
3.202507125,1,0
3.202581333,0,0
3.202740958,0,1
3.203382083,0,0
3.204850792,1,0
3.204925042,0,0
3.205081542,0,1
3.205722458,0,0
3.207194542,1,0
3.207268750,0,0
3.207425000,0,1
3.208066125,0,0
3.209538208,1,0
3.209612458,0,0
3.209768667,0,1
3.210409417,0,0
3.211881833,1,0
3.211956083,0,0
3.212115792,0,1
3.212757000,0,0
3.214225625,1,0
3.214299875,0,0
3.214456208,0,1
3.215097250,0,0
3.216569292,1,0
3.216643500,0,0
3.216799958,0,1
3.217440958,0,0
3.218913042,1,0
3.218987333,0,0
3.219143750,0,1
3.219785083,0,0
3.221256667,1,0
3.221330917,0,0
3.221487375,0,1
3.222128375,0,0
3.223600417,1,0
3.223674667,0,0
3.223831000,0,1
3.224472208,0,0
3.225944083,1,0
3.226018333,0,0
3.226174792,0,1
3.226815833,0,0
3.228287750,1,0
3.228361958,0,0
3.228518292,0,1
3.229159125,0,0
3.230631458,1,0
3.230705667,0,0
3.230861958,0,1
3.231503083,0,0
3.232975250,1,0
3.233049458,0,0
3.233205833,0,1
3.233846750,0,0
3.235318833,1,0
3.235393042,0,0
3.235549625,0,1
3.236190417,0,0
3.237662583,1,0
3.237736792,0,0
3.237893167,0,1
3.238534125,0,0
3.240006250,1,0
3.240080458,0,0
3.240236625,0,1
3.240877625,0,0
3.242349958,1,0
3.242424167,0,0
3.242580292,0,1
3.243221417,0,0
3.244693667,1,0
3.244767917,0,0
3.244924292,0,1
3.245565250,0,0
3.247037292,1,0
3.247111500,0,0
3.247267958,0,1
3.247908875,0,0
3.249381000,1,0
3.249455208,0,0
3.249611417,0,1
3.250252375,0,0
3.251724792,1,0
3.251799000,0,0
3.251955167,0,1
3.252596250,0,0
3.254068458,1,0
3.254142667,0,0
3.254298750,0,1
3.254939750,0,0
3.256412208,1,0
3.256486417,0,0
3.256642542,0,1
3.257283292,0,0
3.258755875,1,0
3.258830083,0,0
3.258986375,0,1
3.259627292,0,0
3.261099458,1,0
3.261173708,0,0
3.261330083,0,1
3.261970958,0,0
3.263443250,1,0
3.263517500,0,0
3.263677167,0,1
3.264318292,0,0
3.265786917,1,0
3.265861125,0,0
3.266017542,0,1
3.266658375,0,0
3.268130583,1,0
3.268204792,0,0
3.268364792,0,1
3.269005792,0,0
3.270474292,1,0
3.270548500,0,0
3.270704750,0,1
3.271345458,0,0
3.272818083,1,0
3.272892292,0,0
3.273052083,0,1
3.273693167,0,0
3.275161750,1,0
3.275235958,0,0
3.275392167,0,1
3.276033083,0,0
3.277505458,1,0
3.277579667,0,0
3.277735875,0,1
3.278376958,0,0
3.279849125,1,0
3.279923333,0,0
3.280079708,0,1
3.280720458,0,0
3.282192792,1,0
3.282267000,0,0
3.282427000,0,1
3.283068167,0,0
3.284536542,1,0
3.284610792,0,0
3.284766958,0,1
3.285408042,0,0
3.286880167,1,0
3.286954375,0,0
3.287110708,0,1
3.287751708,0,0
3.289223917,1,0
3.289298125,0,0
3.289457833,0,1
3.290099000,0,0
3.291567542,1,0
3.291641750,0,0
3.291797958,0,1
3.292439167,0,0
3.293911250,1,0
3.293985458,0,0
3.294145125,0,1
3.294786208,0,0
3.296254917,1,0
3.296329125,0,0
3.296488667,0,1
3.297129833,0,0
3.298598625,1,0
3.298672875,0,0
3.298829333,0,1
3.299470417,0,0
3.300942333,1,0
3.301016542,0,0
3.301172750,0,1
3.301813625,0,0
3.303286042,1,0
3.303360250,0,0
3.303516458,0,1
3.304157375,0,0
3.305629792,1,0
3.305704000,0,0
3.305860167,0,1
3.306500917,0,0
3.307973458,1,0
3.308047667,0,0
3.308203875,0,1
3.308844750,0,0
3.310317167,1,0
3.310391375,0,0
3.310547833,0,1
3.311188833,0,0
3.312660792,1,0
3.312735000,0,0
3.312891250,0,1
3.313531917,0,0
3.315004500,1,0
3.315078708,0,0
3.315234875,0,1
3.315875792,0,0
3.317348292,1,0
3.317422500,0,0
3.317578750,0,1
3.318219708,0,0
3.319691958,1,0
3.319766167,0,0
3.319922500,0,1
3.320563667,0,0
3.322035667,1,0
3.322109875,0,0
3.322266000,0,1
3.322906792,0,0
3.324379250,1,0
3.324453458,0,0
3.324609667,0,1
3.325250667,0,0
3.326722958,1,0
3.326797167,0,0
3.326953333,0,1
3.327594292,0,0
3.329066708,1,0
3.329140917,0,0
3.329297167,0,1
3.329938125,0,0
3.331410375,1,0
3.331484583,0,0
3.331640917,0,1
3.332281917,0,0
3.333754000,1,0
3.333828208,0,0
3.333984458,0,1
3.334625417,0,0
3.336097750,1,0
3.336171958,0,0
3.336328458,0,1
3.336969458,0,0
3.338441458,1,0
3.338515667,0,0
3.338671833,0,1
3.339312792,0,0
3.340785125,1,0
3.340859333,0,0
3.341018917,0,1
3.341659875,0,0
3.343128875,1,0
3.343203083,0,0
3.343362833,0,1
3.344004000,0,0
3.345472500,1,0
3.345546750,0,0
3.345703167,0,1
3.346344458,0,0
3.347816250,1,0
3.347890500,0,0
3.348046667,0,1
3.348688042,0,0
3.350160000,1,0
3.350234208,0,0
3.350390542,0,1
3.351031667,0,0
3.352503625,1,0
3.352577875,0,0
3.352734083,0,1
3.353375167,0,0
3.354847375,1,0
3.354921625,0,0
3.355081250,0,1
3.355722292,0,0
3.357190958,1,0
3.357265208,0,0
3.357421667,0,1
3.358062667,0,0
3.359534792,1,0
3.359609000,0,0
3.359768833,0,1
3.360410000,0,0
3.361878458,1,0
3.361952667,0,0
3.362108958,0,1
3.362750208,0,0
3.364222167,1,0
3.364296375,0,0
3.364452833,0,1
3.365093833,0,0
3.366565833,1,0
3.366640042,0,0
3.366796375,0,1
3.367437417,0,0
3.368909542,1,0
3.368983750,0,0
3.369140000,0,1
3.369781042,0,0
3.371253167,1,0
3.371327375,0,0
3.371483542,0,1
3.372124542,0,0
3.373596917,1,0
3.373671167,0,0
3.373830792,0,1
3.374471875,0,0
3.375940542,1,0
3.376014792,0,0
3.376171000,0,1
3.376811917,0,0
3.378284250,1,0
3.378358458,0,0
3.378514917,0,1
3.379156042,0,0
3.380628000,1,0
3.380702208,0,0
3.380858417,0,1
3.381499292,0,0
3.382971708,1,0
3.383045917,0,0
3.383202083,0,1
3.383842833,0,0
3.385315333,1,0
3.385389583,0,0
3.385545917,0,1
3.386186833,0,0
3.387659042,1,0
3.387733250,0,0
3.387889542,0,1
3.388530542,0,0
3.390002792,1,0
3.390077042,0,0
3.390233583,0,1
3.390874333,0,0
3.392346417,1,0
3.392420667,0,0
3.392576917,0,1
3.393218042,0,0
3.394690167,1,0
3.394764417,0,0
3.394920542,0,1
3.395561583,0,0
3.397033833,1,0
3.397108042,0,0
3.397267750,0,1
3.397908917,0,0
3.399377500,1,0
3.399451708,0,0
3.399608000,0,1
3.400248667,0,0
3.401721208,1,0
3.401795417,0,0
3.401951625,0,1
3.402592792,0,0
3.404064917,1,0
3.404139125,0,0
3.404298958,0,1
3.404940125,0,0
3.406408667,1,0
3.406482875,0,0
3.406639167,0,1
3.407280125,0,0
3.408752292,1,0
3.408826500,0,0
3.408982875,0,1
3.409623833,0,0
3.411096083,1,0
3.411170333,0,0
3.411326542,0,1
3.411967583,0,0
3.413439750,1,0
3.413513958,0,0
3.413670208,0,1
3.414311333,0,0
3.415783458,1,0
3.415857708,0,0
3.416014125,0,1
3.416655417,0,0
3.418127125,1,0
3.418201333,0,0
3.418357792,0,1
3.418998917,0,0
3.420470750,1,0
3.420545000,0,0
3.420701458,0,1
3.421342667,0,0
3.422814500,1,0
3.422888708,0,0
3.423044917,0,1
3.423685833,0,0
3.425158250,1,0
3.425232458,0,0
3.425389208,0,1
3.426030333,0,0
3.427501958,1,0
3.427576167,0,0
3.427732375,0,1
3.428373208,0,0
3.429845542,1,0
3.429919792,0,0
3.430075917,0,1
3.430716875,0,0
3.432189292,1,0
3.432263500,0,0
3.432419750,0,1
3.433061042,0,0
3.434532958,1,0
3.434607167,0,0
3.434763375,0,1
3.435404125,0,0
3.436876667,1,0
3.436950875,0,0
3.437107042,0,1
3.437748167,0,0
3.439220292,1,0
3.439294500,0,0
3.439450792,0,1
3.440091708,0,0
3.441564042,1,0
3.441638250,0,0
3.441794625,0,1
3.442435708,0,0
3.443907750,1,0
3.443981958,0,0
3.444138167,0,1
3.444779208,0,0
3.446251500,1,0
3.446325708,0,0
3.446482042,0,1
3.447122833,0,0
3.448595125,1,0
3.448669333,0,0
3.448825542,0,1
3.449466583,0,0
3.450938917,1,0
3.451013125,0,0
3.451169542,0,1
3.451810458,0,0
3.453282500,1,0
3.453356708,0,0
3.453513125,0,1
3.454154083,0,0
3.455626250,1,0
3.455700458,0,0
3.455856667,0,1
3.456497708,0,0
3.457969958,1,0
3.458044167,0,0
3.458200458,0,1
3.458841667,0,0
3.460313583,1,0
3.460387833,0,0
3.460547667,0,1
3.461188750,0,0
3.462657333,1,0
3.462731542,0,0
3.462887708,0,1
3.463528625,0,0
3.465001000,1,0
3.465075250,0,0
3.465231625,0,1
3.465872625,0,0
3.467344708,1,0
3.467418917,0,0
3.467578583,0,1
3.468219875,0,0
3.469688375,1,0
3.469762625,0,0
3.469918958,0,1
3.470560000,0,0
3.472032125,1,0
3.472106333,0,0
3.472262542,0,1
3.472903375,0,0
3.474375833,1,0
3.474450042,0,0
3.474606583,0,1
3.475247375,0,0
3.476719500,1,0
3.476793708,0,0
3.476949958,0,1
3.477590792,0,0
3.479063167,1,0
3.479137417,0,0
3.479297208,0,1
3.479938500,0,0
3.481406875,1,0
3.481481083,0,0
3.481637333,0,1
3.482278333,0,0
3.483750625,1,0
3.483824833,0,0
3.483981000,0,1
3.484621917,0,0
3.486094333,1,0
3.486168583,0,0
3.486328208,0,1
3.486969542,0,0
3.488438042,1,0
3.488512250,0,0
3.488668708,0,1
3.489309792,0,0
3.490781708,1,0
3.490855917,0,0
3.491015583,0,1
3.491656667,0,0
3.493125375,1,0
3.493199583,0,0
3.493356000,0,1
3.493996958,0,0
3.495469083,1,0
3.495543292,0,0
3.495700042,0,1
3.496341250,0,0
3.497812750,1,0
3.497886958,0,0
3.498043375,0,1
3.498684125,0,0
3.500156417,1,0
3.500230667,0,0
3.500387125,0,1
3.501028250,0,0
3.502500083,1,0
3.502574292,0,0
3.502730708,0,1
3.503371625,0,0
3.504843917,1,0
3.504918125,0,0
3.505077833,0,1
3.505718833,0,0
3.507187583,1,0
3.507261792,0,0
3.507417958,0,1
3.508059000,0,0
3.509531250,1,0
3.509605458,0,0
3.509761625,0,1
3.510402708,0,0
3.511874875,1,0
3.511949083,0,0
3.512105250,0,1
3.512746333,0,0
3.514218625,1,0
3.514292833,0,0
3.514449292,0,1
3.515090375,0,0
3.516562292,1,0
3.516636500,0,0
3.516792625,0,1
3.517433667,0,0
3.518906042,1,0
3.518980292,0,0
3.519136583,0,1
3.519777708,0,0
3.521249667,1,0
3.521323875,0,0
3.521480292,0,1
3.522121292,0,0
3.523593458,1,0
3.523667667,0,0
3.523823917,0,1
3.524465000,0,0
3.525937125,1,0
3.526011375,0,0
3.526167542,0,1
3.526808375,0,0
3.528280792,1,0
3.528355042,0,0
3.528511417,0,1
3.529152583,0,0
3.530624500,1,0
3.530698708,0,0
3.530855000,0,1
3.531496000,0,0
3.532968208,1,0
3.533042417,0,0
3.533198833,0,1
3.533839792,0,0
3.535311917,1,0
3.535386125,0,0
3.535542333,0,1
3.536183167,0,0
3.537655542,1,0
3.537729792,0,0
3.537886000,0,1
3.538526875,0,0
3.539999375,1,0
3.540073583,0,0
3.540229792,0,1
3.540871042,0,0
3.542343000,1,0
3.542417208,0,0
3.542573625,0,1
3.543214792,0,0
3.544686667,1,0
3.544760875,0,0
3.544917083,0,1
3.545558125,0,0
3.547030417,1,0
3.547104625,0,0
3.547260958,0,1
3.547902083,0,0
3.549374042,1,0
3.549448250,0,0
3.549604583,0,1
3.550245542,0,0
3.551717708,1,0
3.551791917,0,0
3.551951500,0,1
3.552592250,0,0
3.554061458,1,0
3.554135667,0,0
3.554291917,0,1
3.554933000,0,0
3.556405167,1,0
3.556479417,0,0
3.556635667,0,1
3.557276667,0,0
3.558748833,1,0
3.558823042,0,0
3.558979167,0,1
3.559620083,0,0
3.561092625,1,0
3.561166833,0,0
3.561326750,0,1
3.561967917,0,0
3.563436250,1,0
3.563510458,0,0
3.563666833,0,1
3.564307958,0,0
3.565779917,1,0
3.565854167,0,0
3.566010542,0,1
3.566651708,0,0
3.568123708,1,0
3.568197917,0,0
3.568354292,0,1
3.568995375,0,0
3.570467333,1,0
3.570541542,0,0
3.570698083,0,1
3.571338875,0,0
3.572811042,1,0
3.572885250,0,0
3.573041667,0,1
3.573682708,0,0
3.575154708,1,0
3.575228917,0,0
3.575385458,0,1
3.576026292,0,0
3.577498375,1,0
3.577572583,0,0
3.577728708,0,1
3.578369833,0,0
3.579842083,1,0
3.579916333,0,0
3.580072542,0,1
3.580713667,0,0
3.582185833,1,0
3.582260042,0,0
3.582416083,0,1
3.583057000,0,0
3.584529500,1,0
3.584603708,0,0
3.584759792,0,1
3.585400667,0,0
3.586873167,1,0
3.586947375,0,0
3.587106958,0,1
3.587747833,0,0
3.589216917,1,0
3.589291125,0,0
3.589447333,0,1
3.590087958,0,0
3.591560583,1,0
3.591634792,0,0
3.591791375,0,1
3.592432292,0,0
3.593904250,1,0
3.593978458,0,0
3.594134958,0,1
3.594776000,0,0
3.596247917,1,0
3.596322125,0,0
3.596478292,0,1
3.597119292,0,0
3.598591708,1,0
3.598665958,0,0
3.598822208,0,1
3.599463292,0,0
3.600935417,1,0
3.601009667,0,0
3.601165833,0,1
3.601807125,0,0
3.603279042,1,0
3.603353250,0,0
3.603509500,0,1
3.604150375,0,0
3.605622792,1,0
3.605697000,0,0
3.605853250,0,1
3.606494500,0,0
3.607966458,1,0
3.608040708,0,0
3.608196958,0,1
3.608838250,0,0
3.610310167,1,0
3.610384375,0,0
3.610540542,0,1
3.611181542,0,0
3.612653792,1,0
3.612728000,0,0
3.612887625,0,1
3.613528542,0,0
3.614997458,1,0
3.615071708,0,0
3.615228125,0,1
3.615869250,0,0
3.617341250,1,0
3.617415458,0,0
3.617571708,0,1
3.618212792,0,0
3.619684958,1,0
3.619759167,0,0
3.619915458,0,1
3.620556667,0,0
3.622028583,1,0
3.622102833,0,0
3.622262417,0,1
3.622903625,0,0
3.624372292,1,0
3.624446542,0,0
3.624602667,0,1
3.625243500,0,0
3.626716000,1,0
3.626790208,0,0
3.626946458,0,1
3.627587167,0,0
3.629059667,1,0
3.629133917,0,0
3.629290125,0,1
3.629930917,0,0
4.885333333,0,0
