630.4030403247002,803.6025280244003
867.9827669384767,-807.8582828884867
-576.2934831533216,991.6729720914718
-976.8716551779719,-799.9037135528508
-827.1461478126694,-674.4396999543926
-642.4330179149233,-88.74256586670549
-349.5661971838779,-499.08926546071893
156.45778324557023,-602.8500652602579
-733.5222168371802,473.13043509167505
638.0629161645031,-773.7206073059269
272.86860225197006,-685.0233399940653
111.05399724871972,-796.7010351247977
-612.783608806727,756.6551991573713
-127.02944545508558,37.56192198501208
614.0399307313232,-522.7671934878838
-461.04176914055347,-556.2203703843841
873.7733428333736,124.01713202445444
554.6563181628794,-502.1562785022463
-738.9606350578051,-227.94930940249105
-75.20697119077568,104.41162260861779
238.10419014349873,316.8092951468393
667.7212754445338,215.26158925005348
-58.79612674869668,-593.7093854316104
67.52225828597648,78.76034544476875
-577.7609144426046,-477.45755099243115
699.025360973078,860.5229310082179
164.68956864180313,372.0389694757175
-961.0953285055182,-529.3787472143306
363.63479231885776,579.5422248216821
110.63050118186993,973.3320509512785
-323.1742021283735,-893.5740987858974
290.39385118462747,-334.2554311762817
529.1434291174446,-947.587008182104
773.4224916086046,-1015.5422210369666
-194.35068730080184,-238.19962661255568
-643.1409948456392,-615.303980263112
-548.4293628570217,364.56217662855806
435.8659699943164,-960.1596856981232
-130.53613694218984,-156.41202343084888
43.35720941040745,-502.8792715106604
-454.20043299455665,-482.1077267940077
-450.2949425261095,584.8680322649411
676.9042822713063,232.56054647326482
-667.818908748897,-493.7421281932425
421.4747708453101,-761.6769060887887
824.230475365503,-56.40594223530343
-881.6554612554194,-837.4383079269519
310.558367863968,-320.7266720549717
256.3534618760009,55.54076641914685
53.15873656466647,78.96501316016861
550.5788814621287,-710.1259687891907
587.270611354922,788.3803439495839
1007.683891916799,-174.0484318676272
-66.43664399345107,-272.5360163427847
-28.882859453526862,232.9346164271135
-514.1611332967911,-644.10382210037
935.4956094344784,-861.6501903547614
673.8640535986028,-175.27565908801103
406.2969117896687,948.2198572245404
77.36798842408598,201.58601538840503
-73.43324166279967,-197.29636266227135
779.0097818017873,-295.3913877342163
121.68390285014584,-740.9147754033822
-429.9528442071728,382.5385304322913
-480.78475483704415,-2.2339413860140667
132.65778637971312,-888.3615491479452
-679.922440465986,-293.16029546309437
897.910831532989,-625.3811319855688
186.39866997500962,427.61314535011775
-937.9703641459212,-910.3036219775881
963.3317451807288,-705.1192869809856
-597.850498562829,219.88174437573502
-771.206390278353,-7.428983474785355
897.5708800744721,734.4275415830518
2.960562389637971,328.8909206356261
-540.5223048283751,929.7737971310439
-446.4226025132425,-873.738872420691
691.8268110736722,-1008.8016627479697
-489.0952443839378,-40.74745309702439
-720.5582173946273,159.41820309194054
252.98979393615468,-392.22721288926755
249.98538408641002,-607.8051410142921
577.3185459542742,-850.7776397893904
-275.5734850919621,938.0797409259094
-796.7108900039404,-819.7675872692023
472.50005307596507,-468.7877194283342
-691.574027421417,-163.71575001403608
-478.07529231730405,-564.7955145916676
-332.61482676336277,-592.5568388077004
-690.7551118857621,-971.9130407078103
152.05071460080694,44.518394943450176
817.8451718070751,-212.17918161269017
-641.1135258166485,47.76504928843656
851.5893363020671,-335.5796516192802
988.5307551327192,-32.678323676635046
906.0447652257792,157.46611787679035
-36.38245993158216,694.5639313616507
195.12806093102995,-798.8644690923627
742.9824591993868,594.7699276092142
-483.84742591467557,-983.464930114196
616.7046858978163,672.8195935062715
-853.647441358683,-535.3218392001068
122.9487719917961,318.4212090227775
-988.3574279030045,951.2552399455076
329.2043114012704,745.4109263820867
-61.64162386797534,-39.088015838100546
174.28596667584702,759.4095863680325
-982.2871167413041,23.11419255324472
-824.1307553662359,988.2474704011411
-435.82238102779206,476.66245727055025
704.7857220787387,-408.496024046741
612.7641152641081,-271.66403953512986
-541.1105973118783,-105.89267544015479
-755.1855664890779,938.2258708367619
-902.9867202397536,-379.98442872685087
86.06927184571305,493.9628720749615
885.7956228926939,-784.5091682792427
-202.17528464812244,368.66822217792264
-379.1714035290347,55.17852285509389
766.1013580324866,453.96416687905594
432.83600193505504,799.091570803477
333.8040286467069,973.2180135141266
336.27304322903547,-13.2359389249973
748.1205477490957,-823.8428158845686
774.2661358889388,354.6274390195699
526.5305184552267,-910.4154375358773
-906.9544583950176,878.8863541528581
764.4566969530285,325.17836305089236
112.81287410697905,-9.049481367078442
720.7824191712871,522.582453445729
-898.6646605530393,60.45000539154876
-742.5923047297154,-676.7872648638563
790.8405456726757,441.04362520700556
-993.1195751117409,714.4053984601387
890.8367623447589,958.3787980638815
-495.3060850257948,-67.92041115395045
-458.09133622146464,1017.2287038315662
42.54176582207765,369.788574658749
783.5765926376582,198.6505773581473
999.345915356645,610.9920983656389
625.640363533279,-503.5344293062999
-945.9571656142109,-864.0702580372379
-185.29019544601283,-376.88783018469735
293.08750679245054,615.8168166482335
1021.8306486880135,498.6605996993653
-754.3793770612069,-480.53605411105514
-234.15972482811844,-982.8042551196943
636.2080786090298,-337.05022431683824
-351.40352964947147,-220.82421505473803
505.0887089641867,695.0493392286005
-646.3942410060649,-881.4806959757984
279.8382667302717,421.28324177239074
311.4065269604805,-224.22601997446827
420.9253256941961,352.63665621432597
-117.04258346080883,78.647138285359
-311.70103622321676,168.34972964495228
748.2490788455073,-982.8864327602628
-185.41004765420575,-489.10438376638035
-936.0635662751149,737.8322353608955
-516.2466939754472,877.3486671009482
821.9901788844059,-74.57250040003532
-798.5516166443988,190.66774682289451
545.3950113189258,-232.98318460413157
467.40814597926646,-306.8731085379559
-561.2161876712123,-152.90925671536456
-644.4388750463233,-179.0438060043375
-361.3537842385251,462.46697736097076
-750.2221309870449,-4.506289317450182
-600.8903505595877,-23.33620657330448
-896.562966541913,-292.2189378001958
-6.30440289068315,600.1614384157208
-985.053306369289,-507.45341797230026
973.2368770628395,-367.5896860574662
-932.9362119887278,789.1112755402423
-140.23886386327808,-731.3253144503963
625.3276531537015,-121.52587869610943
166.69741358329566,70.39863908168036
-839.0847941307,-653.98914597255
892.5063609737304,666.3735190811176
-827.2106161071945,1013.0998236549985
1015.9066939245363,275.4297068740277
102.57697258520966,-560.4710004335898
-400.6109662759395,63.346666279759575
864.9803427932077,-331.16413215272655
-450.47390747459053,429.53099965748993
735.0858451246238,-122.76959277115202
-176.90277946400874,-633.500596422318
-867.0418053787007,1010.4969638193231
-363.21001898219106,-744.9128223525931
-296.225384635143,675.185131401689
-314.58759066644484,-5.619212804573408
-342.17018736683144,110.89167508417336
-685.567539916759,-615.6867024580872
734.555455025712,-215.40753363700787
342.29188022741187,-748.7143132794661
-177.3157687831365,839.5301338409729
-233.0145834119362,-566.0757396473116
-505.06897848306767,707.2069141287111
850.2924442721608,-419.78586434490035
-450.7751606618044,512.1781610947608
628.7529143653594,-929.5626201279279
914.0807150007033,-182.72022671916238
-335.3384960852143,-92.79123636351937
177.5998507930883,658.2494993476187
-914.5623981684828,-735.4965341589909
964.1215290060734,-229.7618393180444
-3.087587631587894,929.9384621710406
-170.36837292652353,902.9605981673994
-82.29633825332371,-1020.8079266518466
480.13088627863385,916.6018941820612
943.2320619370055,-275.284579833457
-120.46811173882656,-520.8695264987741
-598.9287160428996,-905.6602119528068
-112.8640760521755,181.07923823525948
-163.55266754371132,399.79417502789147
469.4716059546977,-508.22188507915985
-746.6571191528428,-585.5920381801509
-755.2148574354185,499.2696052366339
701.8753015390048,-685.5913057875866
392.25473660631064,479.54384804379947
533.3538794251353,191.14973927644928
134.25956839421406,-24.54503370650491
-941.4154474104034,302.9965875568505
-714.0188459678097,-539.7969681044212
-934.2425468113402,-979.4338065906804
464.35072001939625,-245.02776568805916
-237.60395729532615,-137.05449102200896
-200.84048965240868,-897.6228905541232
22.30342603114491,-322.29433145574603
-928.7588581654979,125.52664950641315
-945.8912009689532,445.442219021081
-837.819011375198,133.89685506832848
582.0753321271839,-224.13684703184708
-914.2619109593409,-481.31374239376896
-783.5340074758633,975.2686969721422
-488.96185258148626,-900.541796012983
-233.29503831453871,-7.8542510443976425
188.88870836056367,528.2180158898384
397.22894947610394,225.00606522151634
509.603375568425,858.0447418636779
-21.165119767342503,-744.9688907843524
-242.9241043640311,675.3568800360069
-310.4506309078538,142.26678535826636
-399.9992343005231,-514.3524650178215
-425.2324506406053,-830.4821373561053
474.8893592008062,-677.5406429079703
42.98538769297147,-309.9088264413365
686.8336929181805,-344.97814594990837
1019.6694382577191,-666.0341418039147
-799.2673397544972,275.32207585264587
788.5808850535057,-583.2313833662938
-100.61553448448922,-877.3350918698211
-254.47625895959595,310.3886845651964
-1012.8347849569338,-996.8247905086889
129.72294379019354,-602.7132424743868
-1015.6277434463559,-548.2356925332501
-908.9651292646383,-723.4776677999046
-937.4847855428125,-408.1861487433921
824.04408539873,-678.8033619436117
-834.5506331753274,-376.4918584879965
927.2703650211613,-112.44824956409684
716.0808458690483,188.0672586781684
748.7945031724371,-659.9767574815994
269.5590308504918,-728.8708038024934
502.1979741158975,751.5928084575212
341.6019614479685,-692.1985514363616
-901.1316943566972,887.7381352401846
-547.331380037348,29.724277191146484
-496.18414715658423,766.4785375320191
514.5517046274858,-720.3263734301715
413.73476164179897,-759.9485935200953
-759.8420618784,-793.7357002361036
156.64486089851653,-42.00113336333311
701.5220909505076,168.22815011976377
-646.5909891424244,277.62181657527753
-390.1286797268049,933.2433267908089
-841.3201420300379,-31.434742808940427
-342.008873498969,898.5690886750881
414.85854545130087,157.5994204205149
-213.065767930555,584.3574342692752
332.3436253093423,-431.1857126545376
-937.757067386573,-410.3436655603673
-99.13354750228018,769.3819797977656
-642.2892625191628,697.6247712259421
-641.0960982185106,-240.47057388152302
-23.799701470983564,815.5813575195814
-441.5265451489254,-191.7084727530803
462.554452311831,-580.9829184950597
909.5144186350137,-139.17210784540816
950.4329699651021,-867.4969150779389
70.53975700146839,-647.2984777358931
-380.6977882066592,453.16073112180493
580.3456703857364,246.99261487911394
483.9937683486769,612.6543959523251
-540.4930618763983,-31.43108381633101
482.6191421240144,-91.81355621496596
-352.7955076348287,419.8362550751244
258.46546137942505,861.84108144118
167.474942089387,696.3415173128035
-445.8141986623598,845.5851617403805
64.79921256382795,498.68407024434214
-535.600176993257,161.9707571523254
-804.7658253947016,-246.74375460028182
-736.278648566845,-379.14149203204715
-338.09015052301197,338.2443757983244
292.6516176227708,-346.39396827538235
-810.1390754499221,637.6731156223809
-764.7709381975571,930.5637209679956
195.6918213793881,-737.473451386767
-459.0864356698935,-630.2065614803053
-89.33445435792487,440.97885993837986
887.9017415376743,941.6535511567654
-886.9824077032672,92.10295728300844
924.2849415750788,-576.285950129907
1020.8728895891606,-397.4248742730201
-407.93143865499997,-88.36008613632748
-689.7418698130753,259.24619921893736
-131.87134619738754,327.0563299415787
-426.9743636981134,-392.6489448699815
297.52554547991963,842.4152143146714
760.7762960305779,-157.3601274178352
-255.29939246972322,3.276316879841488
-809.5423497320978,-237.39914928339022
834.0306985412963,299.8985659945781
501.50697519550613,22.390280966353657
799.8742055390335,552.0831619130613
-713.5900909209045,-39.1662486177579
567.8870915254606,197.75009440701797
160.64147197818397,-747.1188268867104
-720.0456185039147,-613.3215403446573
-587.0479661986715,-147.19176223350564
924.7886426324474,985.4143913904682
208.73785075867204,-629.7340835804932
-979.8252409409386,-53.660985690070675
764.2669414173427,-915.2326508968167
-64.04297108960759,-479.46052139125186
-181.58457609143784,127.1621451542062
-641.076547731421,-289.4322598810552
71.72517260126779,1001.2994857818646
766.9179630259237,-108.18107333308194
-861.9198412320795,-37.04305392878314
344.9554809625304,-860.9270417892326
29.986470546602504,684.2805610580513
-657.3046457470732,-181.9986633484641
169.09320909484904,-221.0245852804219
523.7048270826044,550.2913990676434
446.00386661458924,720.4338461956577
531.049025982091,-303.36200338636354
417.05454526796575,184.69222287280468
1013.129004641821,-482.9021997500686
-198.69932366645344,140.60014059728633
72.74391078637404,-393.4974044083863
549.6275279995889,409.34836480451577
-716.4488769965512,-797.1147156247903
-216.6305079621918,-673.9505693498963
-987.5680831416369,-240.48847479768074
184.77577816177745,630.6311092199132
914.8152067369754,876.6934707454427
934.1562795172924,-1014.3235075029543
-1023.1132982993367,942.1499912451006
-54.65730018397085,51.66021667170753
-584.5762740553625,122.6194439009389
160.58467831167195,518.4361606751718
-254.431701740873,-307.17156960034686
157.15378929663552,-860.4753173185259
-850.0571248320937,897.0080329728403
-830.4410624567938,-846.3840256977071
729.2431581132589,603.6329913006057
-632.820937460925,-945.2939233721163
944.8927520231755,193.7273424121645
-47.39156516315802,-1.49039319201961
84.57990780774935,167.59030246252678
641.1107912014099,-495.2826430410221
-431.63837124614747,-179.10954644028175
-180.45928957282467,525.8477973081447
816.5232721643617,-575.2916194073159
-647.0050693421172,-767.1866135960979
511.9382209249236,412.29739773480605
-941.0644305058902,185.71447893191134
-106.47348196801386,690.344636985413
800.8957904837284,686.0305468212086
692.5053560203182,34.119841278397416
233.63509071999124,68.80835931837782
118.3661765914278,164.52720932055786
193.34438568399173,77.24869520659809
170.7547616518932,220.37743829406259
492.11362067288724,-80.95823771947562
194.45265613003085,-501.0592489893113
-273.5073867497672,-285.1818924250449
985.8381618414612,-17.511679751570682
763.0234140474277,269.00319866534164
-533.6624623218133,-119.19861375970481
288.7036467620719,332.3046832794612
-85.79583608893222,1000.1063869825439
158.47655526876952,-71.2742052686508
614.0965996861964,869.2448771216086
92.99934547408816,673.9332657695875
-477.3942952110083,967.3185958493511
-349.85309558861286,727.0822392164764
-276.1687368622786,969.2737533788752
-331.8979287325212,-618.0019287258688
881.5643029643338,-570.9167899503873
643.4812807271046,689.7353603798574
-88.7705293413062,200.00947975819145
349.87721602394436,-731.3419303098153
-297.71643553468857,810.2880320915851
42.91627049586464,-729.4297566640282
-777.2036754958615,-738.4521805389079
-947.2602566297517,531.1719192333844
-564.315771769121,-681.1322539947148
8.598721161943104,550.2813076312873
-950.0527346410802,873.6362242546024
161.18732143459397,-416.8851034978916
340.27564280499564,-540.1676072382186
258.61694585255486,416.88656654323313
291.39386373066714,229.849329577341
454.58759485016253,-366.71824465442523
-406.40800599928616,898.8190888633446
660.7366338495897,1008.4135828779226
-270.9518641415809,806.3607291435444
-415.55108154898426,-992.604352587354
833.5960653811919,727.6166692110294
-950.6931564134532,162.69748567420424
-680.881688634297,454.78559935761086
-170.27400832004378,190.51697244471825
431.3664638313653,452.9987584871292
-441.7432833607809,95.62620352059048
-659.2673758001365,579.2106316681511
-309.2627439634364,218.83109436151858
559.0318664667545,461.37680906072706
-80.9792939049139,-236.06927248409147
-208.91101967685222,-254.8134759828331
99.9828192252196,-981.5385061120905
-390.37390568445153,4.7078914765995705
-118.2190767887837,247.44398909968754
521.3537340708256,-168.38792657050726
-862.5187689761729,365.0722457595293
-290.73084275566316,476.6144298141853
789.7263919155921,819.9256790227957
-3.688378198646433,-606.5274880204006
-419.68782837101685,232.03779511586254
-319.28108591497244,263.6000559349377
-850.1130218795693,-711.6553116966027
-474.85901670781254,-906.4215356369268
324.2234748698918,-473.2421154969991
-522.8029042241124,-169.60878353122257
1000.082411483203,922.1292818242739
-762.9713301340403,192.30025638521965
700.6086417348947,79.39056853326065
902.2394539186334,1023.934151248741
473.29706930765155,499.2948737652973
-925.2636011875691,-280.3650925769091
1017.2701601272297,-618.5395319303641
889.2721700213579,353.31515393071936
343.79899128142983,976.40604359247
542.3731932627586,424.1555070627919
653.9291104220431,999.0017798365866
-603.4936082409774,-41.51887904302316
191.79180390524652,-310.52022698835094
953.3549155341614,-898.3673150166373
-644.2762668525993,-834.0518757218733
-220.71548258001144,-756.0155130981104
-453.25077499409986,253.96301829577988
848.289693467708,-937.9591648462106
627.5027770770946,-437.5979243037125
-232.27043829376498,-949.3789843260038
653.1657532207046,-416.6700259341492
220.67648349927413,995.9621192826837
-684.8627242372418,-30.75147673363972
259.52534057716457,-532.9822287118491
238.9012479922585,778.0315601375326
-68.02129197540512,-941.9892513920638
756.8880222924247,818.5219605935497
918.4779646521627,-114.41957731629805
-964.6827013263398,757.3095726310296
-275.34744476315495,-363.73147156974164
-914.6663669777399,1022.5540471589597
-675.8854254860287,-52.36728961741801
17.151422316414937,-202.68641529190245
-603.2720225852006,-72.44284214848744
460.5468987089705,-869.058900308888
895.5530212177005,682.9713096388175
1013.8711863503763,-874.0803796297023
-461.97136824978384,-240.24038185984864
-355.7253443469433,512.3474278197034
203.77619976197752,74.31508152277001
437.1055309215733,263.5148008276917
67.40040300329565,-577.7181398155863
-958.6956875960605,179.72348674931027
-900.5249965621772,-810.999855799425
-822.8786405081307,233.97767057889973
233.01850683716862,82.08156425002107
889.7463181437199,-110.38873733744913
-886.4450813961378,847.3825394742157
-324.72354814658206,-948.0534892672274
805.2794724438847,419.1217550907354
-142.99796395931412,658.9011971575856
409.00983052421907,520.3473219141435
820.1334383850638,-16.93019255967397
-383.9278857812367,-653.6551281383902
-572.7756260944379,-596.3600480132418
377.37804528769766,1019.1867782674422
62.93251372048576,678.0907272135519
75.38836082262674,-102.94734567746241
613.1485364595378,699.5555612366136
1014.9996550126173,-649.2069801468481
-804.4750967941579,-911.8703603410177
-263.40801874071303,810.6257909624733
-352.6856520657125,-553.652799488766
658.701535973177,-617.043481496361
82.14769491159109,496.3593916031666
-614.4935790314432,646.2110091814527
-832.0738250712182,-1013.4719370325047
-371.91314316881926,617.5446082926339
25.239318419978417,154.15647857544877
-548.8499973117382,803.2027862434591
-925.3288819371139,-360.30652911352786
497.63806283874464,-221.22669600331005
-927.2854975794521,-812.0300306655954
-488.2142613682265,141.3359120470452
-307.62664218095733,-515.5164358777602
953.0070086847011,-353.0469959107361
-685.4964219605652,850.0182722828208
-187.89453990870425,-777.2567446565631
368.90503112724036,-275.91168226399304
-500.9842471682116,-33.505155382742714
-44.226727915508036,-108.53148025827113
-701.2392874230652,-406.1178879016031
-822.1107796600406,49.77514824794275
-1018.0654384250961,707.7451035373983
236.09989198612243,-105.11885185402662
487.7407927382958,-958.6424265733663
30.917071186005387,234.342566554747
914.6152728667198,377.36797271213186
672.5525634676883,-158.90630122040625
-3.7857961981214885,-82.49699127736608
622.38537896773,310.25432744987756
-999.2081632793438,284.98424178827077
-181.431923525613,-33.894751210258846
143.10723094351056,-678.988664518781
406.2552807824545,725.9885364610736
899.6345307863403,-924.0455584002798
-952.7827430872219,-157.01496120781576
135.73328706496045,-851.6275840301373
-119.9698237458208,84.81446744473624
161.31066398050075,957.4870637628414
-449.4535135344652,463.5443158856708
-45.79086687376025,-4.371808374157354
-858.7352091500454,-123.55792647302042
782.377185620358,-626.1041918338394
-818.7830684253165,156.0456138456991
871.3411296931451,196.750679271242
-796.4276702662562,-429.47900581785507
987.8817219472405,644.7407904707354
-440.64239711705454,832.7703288184011
-1002.761516764858,459.1150457552717
363.72822577347097,349.3634540703017
289.8242135287137,-738.1962939360121
-19.815489340909835,74.12554734189848
-147.8553236764169,162.02108463861896
-385.68067747205873,609.9637070956101
373.9690195914138,878.8051772974541
-461.60434851787204,-380.3020207790353
673.0123438201106,633.6951273394673
-577.6559566277601,-863.5697263221584
791.4156747052505,-54.824593073903316
-852.4403549481001,-278.69638688978694
-416.31285100352375,780.1646787324835
-355.6036939207888,-268.1704262371113
-491.6232183919833,5.262181718642523
613.7040796163244,944.7209966184448
-711.2371795092538,-287.28657685148323
179.3159849988674,270.1298546830842
601.5875319071511,-844.7292803906978
74.96962467989147,-322.3283596427041
783.2804101646832,-392.08775507913924
581.8714990516435,89.78956262267548
160.1122602734472,-505.95876466218624
-591.6045066673776,454.9494180608501
963.5301713958593,929.4786577668108
960.4367853392603,-352.56253766331724
-94.21023425351655,-206.63855531387594
-900.4274867362283,85.82240781905057
59.585019482355165,756.5933330291355
285.66864485069596,-388.7997386997549
-351.4733731858521,977.1381152782858
972.7222505307757,-445.3956584062166
-442.01153016305034,976.504595759335
521.0977866360245,550.1605144515518
231.34839206301058,789.4093560840515
-472.77191688844187,332.85728281727825
891.8383773760606,-752.2539893982178
145.04527378729404,580.1114408471874
861.2009819626542,109.14663005062789
3.498006625271273,-209.07189058294512
-646.5309738242959,114.1522043435566
676.218692513359,522.9784364581824
-454.8929914158307,129.14635029269675
3.626196556459945,-824.8962541974788
-55.02203323633603,-51.663580579959216
684.1764986374578,665.14693241091
711.8635962508383,406.8319073530322
129.4052367762513,-2.9450926138249542
-926.0928678571352,309.549861762664
687.2695347796039,-336.55880676958554
-28.957166981534783,400.67913667305334
-355.88904440240754,-645.2814753464575
-675.297805476552,411.2196611546649
207.40144941410722,-479.01036223184497
-805.5412708698752,164.89803245858752
-916.8481504735228,60.34188954880619
250.0622946045305,-794.481148450426
-323.958371435529,-344.0956469383441
59.83248336386782,-241.4628726615772
-53.19096567271163,208.53194346364648
165.66317984492707,35.93910939470675
77.36721292915718,-618.9689508797842
-107.9250314501503,871.0756116462453
976.4573995812248,-8.756570866684342
152.8767675789668,-567.0759614528827
-900.0121215267486,-997.6880607491842
-364.8228140723397,-519.9893588217124
734.5135145249519,399.2976647675139
-503.5963287288296,215.09375499696398
-174.946035094928,-876.9620053033889
-45.780655559608476,-777.3647265401007
431.7126688612211,120.60103244285528
770.9514526746052,224.39059431037526
-167.70066928196843,-112.90573692954376
-177.75965799149162,-581.6213682592384
-25.611848652855087,-771.7439133644887
-974.7534966707981,213.57996171812624
-797.7852436672861,-701.3393955316719
373.94561744335897,-603.153512203806
778.4257331083452,-807.8468806034057
477.5293623502448,-810.8565768128697
-649.603048106437,-968.860708939701
241.61967751149245,988.1765585278513
574.2906047846925,740.9343986443014
-793.905026665311,-113.66142445281776
184.67561404559024,-262.5874975435936
-85.38005095204812,685.9636805806663
527.4759819402441,-605.9014481451966
-821.8535446826211,-518.6992055928788
794.2098040127194,424.05610657802026
-37.45727524286008,465.0298046180933
-367.0875665550884,-554.1107654901793
-62.882936716122686,921.3878054322786
-336.4540347814632,161.36981597149202
49.97323764902421,-707.1486218468447
-914.839473805863,116.12303019166734
-857.6921190717937,361.5229338662132
-532.0552188598892,-598.3924614893974
395.75686566770787,622.5783802425253
-553.3532465450444,391.17381467431824
837.2932772012455,601.3166273212946
-233.16233904793376,194.3768515338022
59.268598054102995,-984.1671187366535
-775.2558612478406,-836.9786292883962
85.64323785721444,192.63998333851532
900.1773467809755,-731.6206815371686
-238.70948112151814,-683.8358790702316
961.7909956418673,880.5517133011156
606.1174407742114,785.7118785232349
685.6614708303448,-853.8296322794786
-264.39176396759467,-399.83977700459195
-324.2883615311878,884.5868697110418
877.8745276132688,668.8890318812623
-16.278039568657732,1005.4248021608805
659.4260307479428,572.7518374893132
-249.105317480846,214.11799840878348
-646.3345057114707,-25.372783757212574
728.268017058914,-552.3485326287621
643.0970553369352,-596.3408755410592
4.209710903153791,765.1128204711827
641.3961754368509,-697.0989721540827
980.0878536060884,402.07583090819844
654.9438378867972,680.3768643871404
-209.57419287985363,-375.81173288060177
-486.0153748544685,564.2421027442695
-646.9452271273894,-623.1399159623529
501.831604912089,278.9787124697277
-672.616836656299,24.032968723971862
709.587387178655,-857.7099732241022
-673.6784280024938,352.34974366592223
-305.8565686902343,-843.2673948541269
-357.7021593423476,639.1526415613084
545.7414532336404,442.75495181032875
590.956352841217,631.0533208046256
606.2461727143466,962.5024116884913
-937.0752215333057,701.6852749266022
129.24747277595043,917.8795525493981
674.2746965816818,806.3556983962119
244.83226749119126,-240.445309525958
694.4055229148607,-551.994639519879
453.7454506377221,453.6860632488301
304.13214172889343,186.64689037982384
-1004.8345456809654,599.5255391108965
223.9635882515231,-254.2407011769683
-661.5615322267745,308.21854517783595
-574.2852038430219,149.9366917019338
-751.181167571865,-170.28394759266712
195.33499820970974,349.9096032353202
770.9832661712728,-849.3155389429348
-765.4170619404986,150.88781676882445
-578.9190445339079,250.69389360208083
103.66793725010962,-725.2560813520602
-785.0400242405747,722.6410626838283
540.9213216006167,58.847922020471515
-855.8366959705836,-282.25196778607733
386.51974231356485,-488.64655569586444
352.49454141470596,-796.9569958324553
10.243063636278293,-387.702523099279
-162.41510166910348,500.9497108397695
-697.1801819175614,-81.3278172650173
-323.0797388370436,544.6618110392237
-225.84945034502744,-287.09782952565274
220.94784223109264,343.9183624389552
448.2262881309566,-662.9427799611374
101.51063947148918,-911.494724821973
82.84003805615225,82.35666058370225
-670.8978962386848,179.50826040425864
-272.8085841124828,-961.0193596872225
267.2169289661299,-9.578430561252617
725.8944227849429,-25.230066422560867
861.4767365460816,303.61868086273125
-992.9413252394272,112.84534549301202
233.3075416816448,-810.9202861902018
-963.5862914862903,275.5266971943088
-672.242390891618,-1011.2803706329018
626.3611034756066,-589.9679965038333
-574.3767136977408,252.48395207646467
390.70696541511893,574.0793140554108
644.2757938512395,546.218930222873
-723.8304484594964,688.841693744906
-66.68660796443373,896.9730935872849
697.0214354559107,605.2415752775541
375.66042226370564,684.7117082857976
474.52502731931736,-890.9748224096122
42.28269792649235,-288.57012616582597
-253.8758862950192,-356.48849818703343
-686.1999358584644,922.2427894422076
-577.2694674527909,767.8635910058074
1019.2919626801051,417.57991106117606
-517.6227646293385,491.6259734594528
77.61427006834629,792.2034951083415
801.1566518504142,-25.284770124578927
691.320352668517,-91.71445119994814
-159.0552525105711,446.133351959568
910.0345142151293,-1022.6445057124308
-359.2698249090172,385.76525589355924
-943.3164120257886,-98.88879120436968
-916.1246116894213,-706.3732193655012
-44.79459367301092,-648.8938467505427
-76.58958446117708,-201.39404619921743
-768.7006869351917,697.7183506819279
-237.65176569276014,868.5574557226732
-579.8415620393669,578.4095772123192
-565.907264708289,266.8004776509649
-908.9489638706714,429.765826454259
-963.8082243559556,602.5821632182592
841.2214515863825,-1011.5689714498042
325.2818639402092,-542.9774270320038
384.9305103146073,380.6865193834619
-423.47150330836484,550.8626436948205
-592.1712565547839,-548.5438994817996
434.49937928007444,-641.6177185092008
-748.226507362049,830.1534495040919
425.831021516429,-787.1606155772868
638.9504880558459,-507.32804661685554
601.3763140213171,-186.9228919158195
723.3916524439992,377.03732727411466
-180.11733045646884,-540.63483930352
-711.408609783693,471.7665185943456
-874.9369944774521,-470.2071789377824
-857.0041510193535,628.9879526444661
313.4941931179492,-691.2134188540024
132.95713278244125,-843.3337140614913
410.06206623524804,-430.4987061690467
971.8903081158933,-596.7646818619114
922.9911373291268,-460.2434161267745
159.11071029836694,-631.6496137846975
-467.7979214858983,-40.75529081672653
-815.6337125165894,428.91430720336257
-993.5206144976232,-103.21870466302494
173.87080273401853,-255.44901980478835
141.073867939195,702.2326957747757
683.8845637894769,490.5036315859111
250.8729758440461,-8.666164077142412
-75.33504023623414,453.41962396928125
626.0377691611056,827.4439831054876
496.382692851701,-403.7341886825536
312.05924099965205,-634.6658634745929
-12.153375598732737,482.7977118355104
903.7244968145249,1001.9842682308883
-954.3380482603898,604.1276182072136
-435.3755400412356,-177.1718386865025
637.6717297203329,-207.81792890995257
-166.1465491559968,-453.09607793447276
188.29826262244978,-152.3236414107896
136.8494845865148,538.9283544603577
229.46782512460913,-290.3584086003343
672.6951315008648,638.3081011453596
-388.3033075439255,-819.6121627305292
-0.04024806359643662,990.7141305685288
-832.8266963282556,-922.1312056415989
855.7310772692927,237.47745900115729
675.3603127526624,827.9180667158414
680.8254091507422,-133.73438579935328
448.9814079515529,-704.0383518037818
747.8802387569699,464.96607210175193
-758.36881856323,26.876823887696446
671.1374458881878,-327.68561636032837
-1001.4236458712235,498.6437253311408
165.72703216931768,-491.2123291441783
-762.2574589118085,952.602356951103
660.4429755300071,-200.9794397183589
789.3072864548469,-650.9575355611778
-913.7462469949203,-185.4621711207842
560.5274040004224,-202.6339556882192
470.74017033647124,788.3229300333303
-620.3729253805407,-149.9472910804243
250.6123799250961,-471.46207774302457
149.13046548443936,-867.1366054342968
518.0496326403215,-35.913423146444984
947.625352137268,196.99129075410997
-578.2095531300588,-306.93623728218745
-632.4578689313821,148.38335137294166
-1.7009388383762598,-663.4790992860565
500.9375141230478,-155.40802537693185
-303.1472643773993,380.99241133078885
-696.3612054775988,-58.61029320027819
764.6306511501366,-50.63543957602883
-199.71131184512228,331.04638170283806
745.9947356326493,244.5772163620902
901.8874899975976,-285.30968586816243
374.2958606251293,996.6173129168756
-200.6839711481723,-251.0286677001311
894.3252466440845,-156.1492544665225
986.1492474762872,-712.8604256193398
212.9058053197857,744.0052351932416
419.82953047783667,245.9700118080948
330.73644184662453,616.42071028954
-693.5541297816944,856.1892329871139
816.1808793906812,584.1008195653476
-452.9064499948197,-142.8099450299012
-755.1236271517589,-39.89735368001698
-868.0102366044994,-336.9688614385468
685.2335263542407,-128.26265918126546
-424.18732754132884,-248.2186256490727
-760.7320526051203,-356.51406626638914
1022.9248473945286,869.2761883252549
581.5893862366872,435.5000539025666
-301.79264152711585,-178.0068146029148
-875.7528270168236,-553.3789518660205
-133.12453485773062,143.19234723031127
318.0216188384429,179.97568348270147
599.8267133359934,-1010.2103623926266
-278.93074089231527,-913.7900964760393
634.4633482428999,637.7375590169036
300.6358663129229,138.6274760037643
1010.2247135512787,-472.734344994652
324.9874756765428,47.874556138317985
-406.46170719213,-22.950480234020688
78.11314059062192,993.1549569775727
-146.47941924221868,-434.09295660291446
458.6956295342993,900.9233417422129
799.0382565066648,497.3772547977326
-930.1937255445769,529.3960402851617
926.1579769196362,-893.202632021862
542.1434123937609,-412.67570457406896
611.382094662101,-152.53909467070912
-961.2104496147319,-854.7223938641143
631.7867619031297,568.4452205174564
694.0772237621788,560.7349116978851
-99.53569733030827,506.51848428528774
344.2930901571144,-144.29899459766398
-876.400472583633,-322.59820282006694
-528.6922867594385,-942.6173419887834
-825.1298054558395,-277.3476559118851
-1001.4893910675255,26.80231697639283
-854.8816037574718,-832.4183875836522
-553.957149526379,665.5306146506532
-112.23483510712481,330.38419120271396
-32.09680256992897,193.0053194627203
155.74497180283447,651.0578261307826
567.7208227878637,749.5526107414371
-258.48538355134406,-181.33668880737787
620.3639458962832,-436.7920993333705
-728.7534188872994,-12.553026512289307
810.9621965219706,777.4548234117981
-392.01207841179166,711.4868898613081
-451.9705653970434,853.2723865428959
-70.26147188694426,279.5380240978634
-417.9236417605159,374.8113688104838
91.91853586717752,125.43256660620568
-138.99195206592276,-591.3652518677616
-181.05689363997385,20.757563741078684
751.4433103650015,-743.0222564805558
-866.9943873659722,897.3596253574199
305.1772120187354,-508.1593145639565
-918.7899174930249,-708.8803414610493
-395.15893332996666,865.8853147657235
376.9959150173181,-173.61508761660684
530.2142723031081,564.4132967433347
679.7840697581357,998.6434538637204
-202.2406926257338,-181.73329010604812
665.4496179802729,441.8204094591754
839.5921450523913,-660.055578593991
68.459143315333,254.98017815352705
-126.81975006934067,337.24047015745487
47.86801644604657,433.2768820043
-842.1997953545283,715.7794606294708
-92.03080343576471,489.13490519240395
-57.23677739239656,316.7934525028629
-356.16722833994663,50.77651790788991
365.0408018260198,765.286169786516
-216.8714382445653,-171.0371209664629
-584.4271226237995,284.61660378409306
430.5922092865435,105.63578051307832
-470.1697580949026,464.7099465646056
538.5547042352514,1002.4535657600322
-512.7338414467076,503.9467270051182
154.7057247741725,604.7168950230114
884.6270780884338,988.3358634808958
248.6122633613884,-932.9709953069164
828.3803207513552,953.5349377963707
593.6407417166081,-864.028252264919
-285.4059771049176,-720.5224785565711
-139.4149942931649,-758.4856747239442
-699.6155322077323,-181.00307843283963
-881.6254277510136,-465.44818555736947
-105.8407041438918,519.8910670751156
-11.62792576743368,-111.72429847251078
-529.8244089828363,550.9100818856589
-476.3004516768817,789.6242252850584
-116.41606645612933,-515.5129023174709
-659.9632745350198,669.9047227179985
-520.5366998499442,-545.3850665257173
-617.8976971358488,-634.813977051466
454.7324065240143,-132.2842630050302
-867.4803364452896,161.29580068109362
779.2191128234979,-57.06156935692434
-635.8577842912,-729.6597672101566
927.7818929469352,-352.19129179864217
413.1666875357462,711.3605887131912
-529.7168042363182,-82.42630139045264
-900.5255529349793,-209.19498246941498
-160.04370216731058,287.8470483709625
-119.01011135822273,868.4285816621407
-650.3643074944873,914.0290362462686
841.5585756267662,659.7505461266242
-440.4307988326184,-215.88843107518528
252.68511835911477,-564.0232967606582
-831.2176521683803,-190.746666494048
531.6524469659475,324.24035962309836
536.469234769183,600.8008602912048
-1007.6692419944177,-649.1640764105007
853.553940590514,-0.8958782053102823
578.7076349679928,619.0854606141243
56.53322951072846,815.9554279495419
657.5247713171707,-819.4905255991848
436.3693491560948,-612.7988163769319
-624.7517892177373,446.678512620427
763.0828828556118,458.19699356378464
264.7872771759012,1019.1466367582577
646.4653894466296,-283.36863624792545
-342.82637703201203,-353.23392554948236
-556.1249322555398,-933.29122732932
276.14396299668147,-588.6748927326994
-560.9865861428225,105.90991738677258
445.61453913795185,576.5368418050052
-141.26839718391034,-786.1642725479612
-998.3300961329126,772.0651964919009
-226.58281687676026,-438.85987821743015
-259.5163535655588,358.9707071288676
-268.82475810849655,140.22130222770124
558.5928650876515,-193.0914955690232
15.095330680174357,-1008.3562509490655
887.9107549702107,959.6336711581489
51.3946895489471,-204.54999779548052
-348.367490791577,-949.9849551651116
-447.18966885561986,223.42274710399693
13.132309111293353,-932.231203410611
157.3571162560545,763.3011896704991
-565.0086593739929,-504.16492791042083
-271.48887893129654,-1014.6730664139634
-916.9931712704727,278.61872169090066
520.2611422316211,-290.13697177037784
-170.07171820562894,370.79177105580175
-1000.70608971982,21.652643074432945
418.1500623473157,-671.2378171947314
301.28774242568056,-268.8307759714944
-803.9230717528462,672.0049486929911
428.56727295150654,-745.5637243691524
-449.16357829546587,302.4592484852701
-542.0665983365554,-822.6627514832537
-476.1599718588204,786.1405900250334
-986.1505619896234,-21.88116693664756
-742.2267395139284,725.035660906557
-360.9311378781606,-269.0140467365113
775.5961767718038,-675.5169554708707
298.61385401753023,550.123264802196
923.304681329301,-966.3872912231188
437.88614727408276,-630.7520812926437
-862.9681449826214,60.365473718017256
-142.09929030515605,-614.857662540179
126.91617061914167,-947.1119019823902
-237.7902234116882,-269.2468373378015
907.9888413359113,-400.98014863119283
441.2174109956761,-452.3439176401703
-699.4699828232297,-61.423627548737386
743.0550749266238,656.6178173489798
996.1528584051373,226.50335482350965
548.1107851215172,440.0866576547728
-99.95420723406733,845.4973215049492
-590.776224561585,124.32566080656306
291.513802361751,415.17980006975563
296.8615379097819,658.952136926978
-760.6703785274826,278.9290239848151
-221.00413795328654,-725.725629928618
135.60574505220143,-234.0807048510717
25.126034560247263,-948.1960067117891
-248.52703918668567,751.674445970707
